{
    "title": "analogInputQueryVoltage Command",
    "syntax": "analogInputQueryVoltage <name>",
    "usage_considerations": "This ARCL\u00a0command is only available on the robot.",
    "parameters": "The command parameters are described in the following table.\nParameters\nDefinition\nname\nEnter the name of the device to query.",
    "responses": "The command returns the state of the specified analog port in the following format:\nAnalogInputVoltage: <name> <V>\nwhere <V> is a double converted to volts.",
    "details": "",
    "examples": "",
    "related_commands": "analogInputList Command on page 74\nanalogInputQueryRaw Command on page 75",
    "source": "\nAdept ARCL Reference Guide, Updated: 2/19/2016",
    "page": "\nPage 76"
}