{
    "title": "analogInputList Command",
    "syntax": "analogInputList",
    "usage_considerations": "This ARCL\u00a0command is only available on the robot.",
    "parameters": "This command does not have any parameters.",
    "responses": "The command returns a series of \"AnalogInputList\" in the following format:\nAnalogInputList: <minV> <maxV> <maxRaw> <name>",
    "details": "The analogInputList command returns the list of analog input ports with specs enabled through SetNetGo.\n<minV> and <maxV> are doubles converted to volts, and <maxRaw> is an integer of the maximum\nvalue of the analog to digital conversion (minRaw is always 0); 1023 for a 10-bit A/D converter, for\nexample.",
    "examples": "To view the list of analog input ports, enter the following:\nanalogInputList",
    "related_commands": "analogInputQueryRaw Command on page 75\nanalogInputQueryVoltage Command on page 76",
    "source": "\nAdept ARCL Reference Guide, Updated: 2/19/2016",
    "page": "\nPage 74"
}