{
    "title": "analogInputQueryRaw Command",
    "syntax": "analogInputQueryRaw <name>",
    "usage_considerations": "This ARCL\u00a0command is only available on the robot.",
    "parameters": "The command parameters are described in the following table.\nParameters\nDefinition\nname\nEnter the name of the device to query.",
    "responses": "The command returns the state of the specified analog port in the following format:\nAnalogInputRaw: <name> <rawValue>",
    "details": "",
    "examples": "",
    "related_commands": "analogInputList Command on page 74\nanalogInputQueryVoltage Command on page 76",
    "source": "\nAdept ARCL Reference Guide, Updated: 9:26:48 AM",
    "page": "\nPage 75"
}