{
    "title": "applicationFaultClear Command",
    "syntax": "applicationFaultClear <name>",
    "usage_considerations": "This ARCL\u00a0command is only available on the robot.",
    "parameters": "The command parameters are described in the following table.\nParameters\nDefinition\nname\nEnter a string that represents the name for the fault.",
    "responses": "The command returns:\nFaultCleared: Fault_<drivingFault or criticalFault> <name> \"<short_desc>\" \"<long_desc>\"\nbool_driving bool_critical bool_applicaiton\u00a0\u00a0\u00a0\n...\nApplicationFaultClear cleared <name>",
    "details": "The faultsGet command returns the list of faults that are currently triggered. For Enterprise Manager, if a\nrobot is unavailable because of a fault, the returned message will start with Fault_ and end with _<name>\nwith the relevant flags in the middle, and each flag will be separated by the underscore character (_).",
    "examples": "The following example clears the application fault named \"faulTest2\":\napplicationfaultclear faulTest2\nThe command returns:\nFaultCleared: Fault_Driving_Critical_Application faulTest2 \"Fault test 2\" \"This is a test\nof the driving application fault\" true true true\nStopping\nApplicationFaultClear cleared faulTest2\nAdept ARCL Reference Guide, Updated: 9:26:49 AM\nPage 77\napplicationFaultClear Command",
    "related_commands": "applicationFaultQuery Command on page 79\napplicationFaultSet Command on page 81\nfaultsGet Command on page 114",
    "source": "\nAdept ARCL Reference Guide, Updated: 2/19/2016",
    "page": "\nPage 78"
}