{
    "title": "applicationFaultSet Command",
    "syntax": "applicationFaultSet <name> \"<short_description>\" \"<long_description>\" <bool_driving> <bool_crit-\nical>",
    "usage_considerations": "This ARCL\u00a0command is only available on the robot.",
    "parameters": "The command parameters are described in the following table.\nParameters\nDefinition\nname\nEnter a string that represents the name for the fault.\nshort_description\nEnter a string that will be a brief description of the fault. If the string\ncontains spaces, it must be enclosed in double quotes.\nlong_description\nEnter a string that will be a detailed description of the fault. If the\nstring contains spaces, it must be enclosed in double quotes.\nbool_driving\nEnter 1 if this is a driving fault; otherwise, enter 0.\nbool_critical\nEnter 1 if this is a critical fault; otherwise, enter 0.",
    "responses": "The command returns:\nApplicationFaultSet set <name>\nFault: Fault_<drivingFault or criticalFault> <name> \"<short_desc>\" \"<long_desc>\" bool_\ndriving bool_critical bool_applicaiton",
    "details": "The applicationFaultSet command sets an application fault. All parameters are required. For Enterprise Man-\nager, if a robot is unavailable because of a fault, the returned message will start with Fault_ and end with _\n<name> with the relevant flags in the middle, and each flag will be separated by the underscore character\n(_).",
    "examples": "The following example sets a fault named \"faulTest\":\nAdept ARCL Reference Guide, Updated: 9:26:49 AM\nPage 81\napplicationFaultSet Command\nApplicationFaultSet faulTest \"Fault test\" \"This is a test of the driving application\nfault\" 1 1\nThe command returns:\nApplicationFaultSet set faulTest\nFault: Fault_Driving_Critical_Application faulTest \"Fault test\" \"This is a test of the\ndriving application fault\" true true true",
    "related_commands": "applicationFaultClear Command on page 77\napplicationFaultQuery Command on page 79\nfaultsGet Command on page 114",
    "source": "\nAdept ARCL Reference Guide, Updated: 2/19/2016",
    "page": "\nPage 82"
}