{
    "title": "applicationFaultQuery Command",
    "syntax": "applicationFaultQuery",
    "usage_considerations": "This ARCL\u00a0command is only available on the robot.",
    "parameters": "This command does not have any parameters.",
    "responses": "The command returns:\nApplicationFaultQuery: Fault_<drivingFault or criticalFault> <name> \"<short_desc>\"\n\"<long_desc>\" bool_driving bool_critical bool_applicaiton\u00a0\u00a0\u00a0\n...\nEnd of ApplicationFaultQuery",
    "details": "The applicationFaultQuery command returns the list of application faults that are currently triggered. For\nEnterprise Manager, if a robot is unavailable because of a fault, the returned message will start with Fault_\nand end with _<name> with the relevant flags in the middle, and each flag will be separated by the under-\nscore character (_).\nThis command is related to the faultsGet command. For details, see faultsGet Command on page 114",
    "examples": "The following example shows a listing of the application faults:\napplicationfaultquery\nThe command returns:\nApplicationFaultQuery: Fault_Driving_Critical_Application faulTest2 \"Fault test 2\" \"This\nis a test of the driving application fault\" true true true\nEnd of ApplicationFaultQuery",
    "related_commands": "applicationFaultClear Command on page 77\napplicationFaultSet Command on page 81\nAdept ARCL Reference Guide, Updated: 9:26:49 AM\nPage 79\napplicationFaultQuery Command\nfaultsGet Command on page 114",
    "source": "\nAdept ARCL Reference Guide, Updated: 2/19/2016",
    "page": "\nPage 80"
}