{
    "title": "arclSendText Command",
    "syntax": "arclSendText <string>",
    "usage_considerations": "This ARCL\u00a0command is available on the robot and Enterprise Manager.\nARAM Settings\nTo use this command, you must first enable the -enableTaskArclSendText option in SetNetGo, see Setup\nOptions in for details.",
    "parameters": "The command parameters are described in the following table.\nParameters\nDefinition\nstring\nEnter a text string that represents the message you want to send to\nthe ARCL clients. Quotes around the string are optional.",
    "responses": "The command returns the following:\n<string>",
    "details": "",
    "examples": "",
    "related_commands": "",
    "source": "",
    "page": "3"
}