{
    "title": "clearAllObstacles Command",
    "syntax": "clearAllObstacles",
    "usage_considerations": "This ARCL\u00a0command is only available on the robot.",
    "parameters": "This command does not have any parameters.",
    "responses": "The command, when successful, returns the following response:\nCleared all obstacles",
    "details": "The clearAllObstacles command clears (removes) all obstacle readings from the robot. Therefore, it must\nnot be used while the robot is moving, or the robot could crash and cause damage to itself, its payload or\nother equipment.",
    "examples": "",
    "related_commands": "",
    "source": "",
    "page": "4"
}