{
    "title": "configStart Command",
    "syntax": "configstart",
    "usage_considerations": "This ARCL\u00a0command is available on the robot and Enterprise Manager.\nARAM Settings\nYou have to explicitly enable this feature in MobilePlanner by checking and applying the ArclConfig para-\nmeter in the ARCL\u00a0server setup section of the Configuration > Robot Interface tab. For more inform-\nation, see Set ARCL Parameters in MobilePlanner on page 30. Changes do not take effect until: the robot is\nidle and stationary; the Configuration changes are saved.",
    "parameters": "This command does not have any parameters.",
    "responses": "The command returns the following information:\nNew config starting",
    "details": "Use the configStart command to initialize a configuration list, similar to creating a task list. The configStart\ncommand overwrites any previous list.\nWhen creating the configuration list, you must first identify which section the configuration parameter is\nassociated, and then provide the parameter\u2019s keyword and new value. Configuration keywords are case-\nsensitive.",
    "examples": "To start a new configuration, enter the following:\nconfigStart\nThe command returns:\nNew config starting\nAdept ARCL Reference Guide, Updated: 9:26:49 AM\nPage 89\nconfigStart Command",
    "related_commands": "configAdd Command on page 85\nconfigParse Command on page 87\ngetConfigSectionInfo Command on page 117\ngetConfigSectionList Command on page 119\ngetConfigSectionValues Command on page 121\nnewConfigParam Command on page 163\nnewConfigSectionComment Command on page 165",
    "source": "\nAdept ARCL Reference Guide, Updated: 2/19/2016",
    "page": "\nPage 90"
}