{
    "title": "configAdd Command",
    "syntax": "configadd <section>\nconfigadd <configuration> <value>",
    "usage_considerations": "This ARCL\u00a0command is available on the robot and Enterprise Manager.\nARAM Settings\nYou have to explicitly enable this feature in MobilePlanner by checking and applying the ArclConfig para-\nmeter in the ARCL\u00a0server setup section of the Configuration > Robot Interface tab. For more inform-\nation, see Set ARCL Parameters in MobilePlanner on page 30. Changes do not take effect until: the robot is\nidle and stationary; the Configuration changes are saved.",
    "parameters": "The command parameters are described in the following table.\nParameters\nDefinition\nsection\nEnter a text string to represent a name for the new section you\nwant to add to the configuration list.\nconfiguration\nEnter a text string to represent a name for the new parameter you\nwant to add to the configuration list.\nvalue\nEnter a value for the new parameter.",
    "responses": "The command returns information about the added configuration in the following format:\nAdded\n<configuration> <value>",
    "details": "When creating the configuration list, you must first identify which section the configuration parameter is\nassociated, and then provide the parameter\u2019s keyword and new value. Configuration keywords are case-\nsensitive.",
    "examples": "configAdd Section Files\nAdded 'Section Files' to the config\nAdept ARCL Reference Guide, Updated: 9:26:49 AM\nPage 85\nconfigAdd Command\nconfigAdd Map theNewMap.map\nAdded 'Map theNewMap.map' to the config",
    "related_commands": "configParse Command on page 87\nconfigStart Command on page 89\ngetConfigSectionInfo Command on page 117\ngetConfigSectionList Command on page 119\ngetConfigSectionValues Command on page 121\nnewConfigParam Command on page 163\nnewConfigSectionComment Command on page 165",
    "source": "\nAdept ARCL Reference Guide, Updated: 2/19/2016",
    "page": "\nPage 86"
}