{
    "title": "configParse Command",
    "syntax": "configParse",
    "usage_considerations": "This ARCL\u00a0command is available on the robot and Enterprise Manager.\nARAM Settings\nYou have to explicitly enable this feature in MobilePlanner by checking and applying the ArclConfig para-\nmeter in the ARCL\u00a0server setup section of the Configuration > Robot Interface tab. For more inform-\nation, see Set ARCL Parameters in MobilePlanner on page 30. Changes do not take effect until: the robot is\nidle and stationary; the Configuration changes are saved.",
    "parameters": "This command does not have any parameters.",
    "responses": "The command returns information about the added configuration in the following format:\nWill parse config\nConfig parsed fine\n\u00a0\u00a0\u00a0\u00a0\u00a0-OR-\nConfig had errors parsing: <errors>",
    "details": "The configParse command sends the configuration parameters to ARAM, which implements the con-\nfiguration changes.\nNotice, in the following example, that the \u201cMap changed\u201d response was not generated by ARCL. Rather, it is\nan ARAM event-warning, which is sent automatically to all attached clients. See Server Messages for\ndetails. ARAM catches and reports errors both for configuration and system issues, for example if it is\nunable to find a file or correctly load a map file.",
    "examples": "configParse\nWill parse config \"Map changed\"\nConfig parsed fine",
    "related_commands": "configAdd Command on page 85\nAdept ARCL Reference Guide, Updated: 9:26:49 AM\nPage 87\nconfigParse Command\nconfigStart Command on page 89\ngetConfigSectionInfo Command on page 117\ngetConfigSectionList Command on page 119\ngetConfigSectionValues Command on page 121\nnewConfigParam Command on page 163\nnewConfigSectionComment Command on page 165",
    "source": "\nAdept ARCL Reference Guide, Updated: 2/19/2016",
    "page": "\nPage 88"
}