{
    "title": "connectOutgoing Command",
    "syntax": "connectOutgoing <hostname> <port>",
    "usage_considerations": "This ARCL\u00a0command is available on the robot and Enterprise Manager.",
    "parameters": "The command parameters are described in the following table.\nParameters\nDefinition\nhostname\nEnter the name of the host (outside server) that you wish to con-\nnect to. This can also be entered as the IP\u00a0address of the host.\nport\nEnter the port number that will be used for the connection.",
    "responses": "The command returns information about the outgoing connection in the following format:\nOutgoing connected to <hostname> <port>",
    "details": "This command (re)connects a socket to the specified outside server. It is primarily used for debugging pur-\nposes.",
    "examples": "",
    "related_commands": "",
    "source": "",
    "page": "1"
}