{
    "title": "createInfo Command",
    "syntax": "createInfo <infoName> <maxLen> <infoValue>",
    "usage_considerations": "This ARCL\u00a0command is only available on the robot.",
    "parameters": "The command parameters are described in the following table.\nParameters\nDefinition\ninfoName\nEnter a string that will represent the name for the information.\nmaxLen\nEnter the maximum character length that can be used for the\ninformation.\ninfoValue\nEnter a string that represents the information value.\nNOTE:\u00a0If the number of characters in the string exceeds the\n<maxLen> value, the string will be truncated to that number of\ncharacters.",
    "responses": "The command returns information about the new piece of information in the following format:\nCreated info for <infoName>",
    "details": "This command is used to create a piece of information that resides on the connected device. Once the\ninformation is created, it can be viewed using the getInfo command, or updated using the updateInfo com-\nmand. For details, see getInfo Command on page 126 and updateInfo Command on page 293.\nAll information on the connected device can be listed with the getInfoList command. For details, see getIn-\nfoList Command on page 128.",
    "examples": "To create a new piece of information called \"myString\" with a maximum length of 10 characters and an ini-\ntial value of \"testing\", enter the following:\ncreateinfo myString 10 testing\nAdept ARCL Reference Guide, Updated: 2/19/2016\nPage 92\ncreateInfo Command\nThe command returns:\nCreated info for myString",
    "related_commands": "getInfo Command on page 126\ngetInfoList Command on page 128\nupdateInfo Command on page 293",
    "source": "\nAdept ARCL Reference Guide, Updated: 9:26:49 AM",
    "page": "\nPage 93"
}