{
    "title": "customReadingsClear Command",
    "syntax": "customReadingsClear<name>",
    "usage_considerations": "This ARCL\u00a0command is only available on the robot.\nThere is no space between the command and the sensor name. See the examples section.\nARAM Settings\nThis command requires the addition of the \"-customSensor <name>\" argument to the Custom Argu-\nments section of the Configuration > Debug tab in the MobilePlanner software. For details, see the\nAdept Motivity Software User's Guide.",
    "parameters": "The command parameters are described in the following table.\nParameters\nDefinition\nname\nEnter a string that represents the name for the device.",
    "responses": "The command returns:\nCleared readings",
    "details": "The customReadingClear command clears all custom senor readings that were added using the cus-\ntomReadingAdd command or the customReadingAddAbsolute command. For details on these commands,\nuse the links in the Related Commands section.",
    "examples": "To clear the custom sensor readings, enter the following:\ncustomReadingsClearARCL_CustomSensor\nThe command returns:\nCleared readings\nAdept ARCL Reference Guide, Updated: 2/19/2016\nPage 98\ncustomReadingsClear Command",
    "related_commands": "customReadingAdd Command on page 96\ncustomReadingAddAbsolute Command on page 94\ncustomReadingsClear Command on page 98\nrangeDeviceGetCumulative Command on page 255\nrangeDeviceGetCurrent Command on page 257\nrangeDeviceList Command on page 259",
    "source": "\nAdept ARCL Reference Guide, Updated: 9:26:50 AM",
    "page": "\nPage 99"
}