{
    "title": "customReadingAddAbsolute Command",
    "syntax": "customReadingAddAbsolute<name> <X> <Y>",
    "usage_considerations": "This ARCL\u00a0command is only available on the robot.\nThere is no space between the command and the sensor name. See the examples section.\nThis parameter is case-sensitive.\nThis adds the device in absolute (map) coordinates. To add the device relative to the robot, use the cus-\ntomReadingAdd command. For details, see customReadingAdd Command on page 96.\nARAM Settings\nThis command requires the addition of the \"-customSensor <name>\" argument to the Custom Argu-\nments section of the Configuration > Debug tab in the MobilePlanner software. For details, see the\nAdept Motivity Software User's Guide.",
    "parameters": "The command parameters are described in the following table.\nParameters\nDefinition\nname\nEnter a string that represents the name for the device. This para-\nmeter is case-sensitive.\nX\nEnter the X map coordinate (in mm).\nY\nEnter the Y map coordinate (in mm).",
    "responses": "The command returns:\nAdded absolute reading <X> <Y>",
    "details": "The customReadingAddAbsolute command adds a sensor reading that is at <X> <Y> millimeters in abso-\nlute (map) coordinates. For example, an entry of 200 100 would be a point that is 200 mm in front of the\nrobot and 100 mm to the left of the robot.\nThis parameter is case-sensitive.\nAdept ARCL Reference Guide, Updated: 2/19/2016\nPage 94\ncustomReadingAddAbsolute Command\nNote that this command adds the device in absolute (map) coordinates. To add the sensor reading in robot-\nrelative coordinates, use the customReadingAdd command. For details, see customReadingAdd Command\non page 96.",
    "examples": "NOTE:\u00a0The following example assumes a custom sensor named \"ARCL_CustomSensor\" was previously\nadded to the system. For details, see the ARAM\u00a0Settings section.\nTo add a sensor reading at absolute (map) coordinates X: -2532 Y: 5471, enter the following:\ncustomReadingAddAbsoluteARCL_CustomSensor -2532 5471\nThe command returns:\nAdded absolute reading -2532 5471",
    "related_commands": "customReadingAdd Command on page 96\ncustomReadingAddAbsolute Command on page 94\ncustomReadingsClear Command on page 98\nrangeDeviceGetCumulative Command on page 255\nrangeDeviceGetCurrent Command on page 257\nrangeDeviceList Command on page 259",
    "source": "\nAdept ARCL Reference Guide, Updated: 9:26:49 AM",
    "page": "\nPage 95"
}