{
    "title": "customReadingAdd Command",
    "syntax": "customReadingAdd<name> <X> <Y>",
    "usage_considerations": "This ARCL\u00a0command is only available on the robot.\nThere is no space between the command and the sensor name. See the examples section.\nThis parameter is case-sensitive.\nThis adds the sensor reading in relative (to the robot base) coordinates. To add the device in absolute\n(map) coordinates, use the customReadingAddAbsolute command. For details, see cus-\ntomReadingAddAbsolute Command on page 94.\nARAM Settings\nThis command requires the addition of the \"-customSensor <name>\" argument to the Custom Argu-\nments section of the Configuration > Debug tab in the MobilePlanner software. For details, see the\nAdept Motivity Software User's Guide.",
    "parameters": "The command parameters are described in the following table.\nParameters\nDefinition\nname\nEnter a string that represents the name for the device. This para-\nmeter is case-sensitive.\nX\nEnter the X coordinate (in mm) relative to the robot base.\nY\nEnter the Y coordinate (in mm) relative to the robot base.",
    "responses": "The command returns:\nAdded reading <X> <Y>",
    "details": "The customReadingAdd command adds a sensor reading that is at <X> <Y> millimeters in robot-relative\ncoordinates (where +X is in front of the robot, +Y is to the left of the robot). For example, an entry of 200\n100 would be a point that is 200 mm in front of the robot and 100 mm to the left of the robot.\nAdept ARCL Reference Guide, Updated: 2/19/2016\nPage 96\ncustomReadingAdd Command\nThis parameter is case-sensitive.\nNote that this command adds the device in robot-relative (to the robot base) coordinates. To add the sensor\nreading in absolute (map) coordinates, use the customReadingAddAbsolute command. For details, see cus-\ntomReadingAddAbsolute Command on page 94.",
    "examples": "NOTE:\u00a0The following example assumes a custom sensor named \"ARCL_CustomSensor\" was previously\nadded to the system. For details, see the ARAM\u00a0Settings section.\nTo add a sensor reading at robot-relative coordinates X: 100 Y: 0, enter the following:\ncustomReadingAddARCL_CustomSensor 100 0\nThe command returns:\nAdded reading 100 0",
    "related_commands": "customReadingAdd Command on page 96\ncustomReadingAddAbsolute Command on page 94\ncustomReadingsClear Command on page 98\nrangeDeviceGetCumulative Command on page 255\nrangeDeviceGetCurrent Command on page 257\nrangeDeviceList Command on page 259",
    "source": "\nAdept ARCL Reference Guide, Updated: 9:26:50 AM",
    "page": "\nPage 97"
}