{
    "title": "distanceFromHere Command",
    "syntax": "distanceFromHere <ToGoal>",
    "usage_considerations": "This ARCL\u00a0command is only available on the robot.\nThis command should only be used when the robot is idle and stationary.",
    "parameters": "The command parameters are described in the following table.\nParameter\nDefinition\nToGoal\nEnter the name of the goal.",
    "responses": "The command returns:\nWill find distance from here to <ToGoal>.\nDistanceBetween: <mm> \"<to goal>\"",
    "details": "The distanceFromHere command plans a path from the current robot position to the specified goal and\nreports that path distance. It assumes, of course, there are no unforeseen obstacles. This command is pro-\ncessing-intensive. Therefore, it should be used only when the robot is idle and stationary. Additionally, be\nsure to update the distance after any changes are made to the map.\nTo find the distance between two specified goals, use the distanceBetween command. For details, see dis-\ntanceBetween Command on page 100.",
    "examples": "The following example finds the distance from the current robot position to goal \"g_5\".\ndistancefromhere g_5\nThe command returns:\nWill find distance from here to \"g_5\"\nDistanceFromHere: 9960 \"g_5\"\nAdept ARCL Reference Guide, Updated: 2/19/2016\nPage 102\ndistanceFromHere Command",
    "related_commands": "distanceBetween Command on page 100",
    "source": "\nAdept ARCL Reference Guide, Updated: 9:26:50 AM",
    "page": "\nPage 103"
}