{
    "title": "distanceBetween Command",
    "syntax": "distancebetween <FromGoal> <ToGoal>",
    "usage_considerations": "This ARCL\u00a0command is only available on the robot.\nThis command should only be used when the robot is idle and stationary.",
    "parameters": "The command parameters are described in the following table.\nParameter\nDefinition\nFromGoal\nEnter the name of the first goal.\nToGoal\nEnter the name of the second goal.",
    "responses": "The command returns:\nWill find distance between \"<FromGoal>\" and \"<ToGoal>\"\nDistanceBetween: <mm> \"<FromGoal>\" \"<ToGoal>\"",
    "details": "The distanceBetween command plans a path from goal to goal and reports that path distance. It assumes,\nof course, there are no unforeseen obstacles. This command is processing-intensive. Therefore, it should\nbe used only when the robot is idle and stationary. Additionally, be sure to update the distance after any\nchanges are made to the map.\nTo find the distance from the current robot position to a specified goal, use the distanceFromHere com-\nmand. For details, see distanceFromHere Command on page 102.",
    "examples": "The following example finds the distance between goals \"g_6\" and \"g_7\".\ndistancebetween g_6 g_7\nThe command returns:\nWill find distance between \"g_6\" and \"g_7\"\nDistanceBetween: 13183 \"g_6\" \"g_7\"\nAdept ARCL Reference Guide, Updated: 2/19/2016\nPage 100\ndistanceBetween Command",
    "related_commands": "s\ndistanceFromHere Command on page 102",
    "source": "\nAdept ARCL Reference Guide, Updated: 9:26:50 AM",
    "page": "\nPage 101"
}