{
    "title": "dock Command",
    "syntax": "dock",
    "usage_considerations": "This ARCL\u00a0command is only available on the robot.",
    "parameters": "This command does not have any parameters.",
    "responses": "The command returns:\nDockingState: <dock_state> ForcedState: <forced_state> ChargeState: <charge_state>",
    "details": "The dock command sends the robot to the dock so it can recharge.\nWhen the robot is fully-charged, it will automatically undock from the dock/recharge station.\nYou can undock the robot with the undock command, or by using one of the \"goto...\" commands. For\ndetails on these commands, use the links in the Related Commands section.",
    "examples": "The following example docks the robot:\ndock\nThe command returns:\nDockingState: Undocked ForcedState: Unforced ChargeState: Unknowable\nDockingState: Docking ForcedState: Unforced ChargeState: Unknowable",
    "related_commands": "goto Command on page 135\ngotoPoint Command on page 137\ngotoRouteGoal Command on page 139\nundock Command on page 291",
    "source": "\nAdept ARCL Reference Guide, Updated: 2/19/2016",
    "page": "\nPage 104"
}