{
    "title": "doTaskInstant Command",
    "syntax": "doTaskInstant <task> <argument>",
    "usage_considerations": "This ARCL\u00a0command is only available on the robot.",
    "parameters": "The command parameters are described in the following table.\nParameters\nDefinition\ntask\nEnter the name of the instant task you want the mobile robot to per-\nform.\nargument\nEnter the appropriate arguments for the instant task you want the\nrobot to perform. Enclose strings in double quotes.",
    "responses": "The command returns:\nCompleted doing instant task <task> <argument>",
    "details": "",
    "examples": "",
    "related_commands": "doTask Command on page 105\nAdept ARCL Reference Guide, Updated: 9:26:50 AM\nPage 107\ndoTaskInstant Command\nexecuteMacro Command on page 112\ngetMacros Command on page 130\nlistAdd Command on page 145\nlistExecute Command on page 147\nlistStart Command on page 149\npauseTaskCancel Command on page 183\npauseTaskState Command on page 185\nwaitTaskCancel Command on page 295\nwaitTaskState Command on page 297",
    "source": "\nAdept ARCL Reference Guide, Updated: 2/19/2016",
    "page": "\nPage 108"
}