{
    "title": "doTask Command",
    "syntax": "doTask <task> <argument>",
    "usage_considerations": "This ARCL\u00a0command is only available on the robot.",
    "parameters": "The command parameters are described in the following table.\nParameters\nDefinition\ntask\nEnter the name of the task you want the mobile robot to perform,\nsuch as a goto task.\nargument\nEnter the appropriate arguments for the task you want the robot to\nperform. Using the goto task example, you would need to enter a\ngoal name, such as goto goal_1.\nEnclose any string arguments in double quotes.",
    "responses": "The command returns:\nWill do task <task> <argument>\nDoing task <task> <argument>\n...\nCompleted doing task <task> <argument>",
    "details": "The doTask command tells the robot to perform a single task. The task is carried out immediately. This task\nis similar to the doTaskInstant command, which performs \"instant tasks\" immediately. For details, see\ndoTaskInstant Command on page 107.",
    "examples": "The following example tells the robot to go to goal g_5:\ndotask goto g_5\nThe command returns:\nWill do task goto g_5\nAdept ARCL Reference Guide, Updated: 9:26:50 AM\nPage 105\ndoTask Command\nDoing task goto g_5\nCompleted doing task goto g_5\nThe following example tells the robot to wait for 10 seconds:\ndoTask wait 10\nThe command returns:\nWill do task wait 10\nDoing task wait 10\nWaitState: Waiting 10 seconds with status \"Waiting\"\nWaitState: Waiting completed\nCompleted doing task wait 10",
    "related_commands": "doTaskInstant Command on page 107\nexecuteMacro Command on page 112\ngetMacros Command on page 130\nlistAdd Command on page 145\nlistExecute Command on page 147\nlistStart Command on page 149\npauseTaskCancel Command on page 183\npauseTaskState Command on page 185\nwaitTaskCancel Command on page 295\nwaitTaskState Command on page 297",
    "source": "\nAdept ARCL Reference Guide, Updated: 2/19/2016",
    "page": "\nPage 106"
}