{
    "title": "echo Command",
    "syntax": "echo [state]",
    "usage_considerations": "This ARCL\u00a0command is available on the robot and Enterprise Manager.",
    "parameters": "The command parameters are described in the following table.\nParameter\nDefinition\nstate\nOptional. Enter \"on\" to enable echo; enter \"off\" to disable echo. If\nomitted, the command returns the current echo state.",
    "responses": "",
    "details": "",
    "examples": "",
    "related_commands": "",
    "source": "",
    "page": "9"
}