{
    "title": "enableMotors Command",
    "syntax": "enableMotors",
    "usage_considerations": "This ARCL\u00a0command is only available on the robot.",
    "parameters": "This command does not have any parameters.",
    "responses": "",
    "details": "",
    "examples": "The following command enables the robot motors:\nenablemotors\nThe command returns:\nMotors are enabled",
    "related_commands": "queryMotors Command on page 207",
    "source": "\nAdept ARCL Reference Guide, Updated: 2/19/2016",
    "page": "\nPage 110"
}