{
    "title": "etaRequest Command",
    "syntax": "etaRequest",
    "usage_considerations": "This ARCL\u00a0command is only available on the robot.",
    "parameters": "This command does not have any parameters.",
    "responses": "The command returns:\neta <seconds> <distance_mm>",
    "details": "The etaRequest command returns the estimated time (in seconds) and distance (in mm) to reach the goal.\nIf the robot is not traveling to a goal, the command returns 0 for both values.",
    "examples": "To get the estimated time (and distance) before the robot reaches the goal, enter:\netarequest\nThe command returns:\neta 17 25449",
    "related_commands": "status Command on page 276",
    "source": "\nAdept ARCL Reference Guide, Updated: 9:26:50 AM",
    "page": "\nPage 111"
}