{
    "title": "executeMacro Command",
    "syntax": "executeMacro <macro_name >",
    "usage_considerations": "This ARCL\u00a0command is only available on the robot.",
    "parameters": "The command parameters are described in the following table.\nParameters\nDefinition\nmacro_name\nEnter the name of the macro you want the mobile robot to per-\nform.",
    "responses": "The command returns:\nExecuting macro <macro_name>\nWaitState: <wait_status>\n...\nCompleted macro <macro_name>",
    "details": "",
    "examples": "",
    "related_commands": "doTask Command on page 105\ndoTaskInstant Command on page 107\nexecuteMacro Command on page 112\ngetMacros Command on page 130\nlistAdd Command on page 145\nlistExecute Command on page 147\nlistStart Command on page 149\npauseTaskCancel Command on page 183\npauseTaskState Command on page 185\nwaitTaskCancel Command on page 295\nwaitTaskState Command on page 297",
    "source": "\nAdept ARCL Reference Guide, Updated: 9:26:50 AM",
    "page": "\nPage 113"
}