{
    "title": "faultsGet Command",
    "syntax": "faultsGet",
    "usage_considerations": "This ARCL\u00a0command is only available on the robot.",
    "parameters": "This command does not have any parameters.",
    "responses": "The command returns:\nFaultList: Fault_<drivingFault or criticalFault> <name> \"<short_desc>\" \"<long_desc>\"\nbool_driving bool_critical bool_applicaiton\u00a0\u00a0\u00a0\n...\nEnd of FaultList\nFor Enterprise Manager, if a robot is unavailable because of a fault, the returned message will start with\nFault_ and end with _<name> with the relevant flags in the middle, and each flag will be separated by the\nunderscore character (_).",
    "details": "The faultsGet command returns the list of faults that are currently triggered\u2014this includes system-gen-\neratd faults and application-generated faults. Application faults can be set using the applicationFaultSet\ncommand, cleared using the applicationFaultClear command, and queried using the applicationFaultQuery\ncommand. For details on these commands, see the related commands section.",
    "examples": "The following example shows a listing of the faults:\nfaultsget\nThe command returns:\nFaultList: Fault_Driving_Application faultTest \"Fault test\" \"This is a test of the\napplication fault\" true false true\nFaultList: Fault_Critical_Application faulTest2 \"Fault test 2\" \"This is a test of the\napplication fault two\" false true true\nEnd of FaultList\nAdept ARCL Reference Guide, Updated: 2/19/2016\nPage 114\nfaultsGet Command",
    "related_commands": "applicationFaultClear Command on page 77\napplicationFaultQuery Command on page 79\napplicationFaultSet Command on page 81\nlog Command on page 153",
    "source": "\nAdept ARCL Reference Guide, Updated: 9:26:50 AM",
    "page": "\nPage 115"
}