{
    "title": "follow Command",
    "syntax": "follow",
    "usage_considerations": "This ARCL\u00a0command is only available on the robot.",
    "parameters": "This command does not have any parameters.",
    "responses": "The command returns:\nFollowing",
    "details": "The follow command engages the leg-following behavior for no-hands operation. When this command is\nexecuted, the robot will follow (at a safe distance) behind a person who is walking ahead of it.",
    "examples": "To engage the leg-following behavior, enter the following:\nfollow\nThe command returns:\nFollowing",
    "related_commands": "goto Command on page 135\ngotoPoint Command on page 137\ngotoRouteGoal Command on page 139\npatrol Command on page 177\npatrolOnce Command on page 179",
    "source": "\nAdept ARCL Reference Guide, Updated: 2/19/2016",
    "page": "\nPage 116"
}