{
    "title": "getConfigSectionValues Command",
    "syntax": "getConfigSectionValues <section>",
    "usage_considerations": "This ARCL\u00a0command is available on the robot and Enterprise Manager.\nARAM Settings\nYou have to explicitly enable this feature in MobilePlanner by checking and applying the ArclConfig para-\nmeter in the ARCL\u00a0server setup section of the Configuration > Robot Interface tab. For more inform-\nation, see Set ARCL Parameters in MobilePlanner on page 30. Changes do not take effect until: the robot is\nidle and stationary; the Configuration changes are saved.",
    "parameters": "The command parameters are described in the following table.\nParameters\nDefinition\nsection\nEnter the name of the section from which you want to see a list of\nparameter values. This is a text string; it is case-sensitive. The\nstring must not be enclosed in double quotes.",
    "responses": "The command returns:\nGetConfigSectionValue: <value>\n...\nEndOfGetConfigSectionValues",
    "details": "The getConfigSectionValues command displays a list of the specified section's current parameter values.\nSee Examples for a sample listing.\nIt is typically used with the getConfigSectionList command, which lists the available sections, and the\ngetConfigSectionInfo command, which displays the information for a specified section.",
    "examples": "The following example displays the parameter values for the section \"Outgoing ARCL\u00a0Commands\".\ngetconfigsectionvalues Outgoing ARCL Commands\nGetConfigSectionValue: LogOutgoingCommands true\nAdept ARCL Reference Guide, Updated: 9:26:51 AM\nPage 121\ngetConfigSectionValues Command\nGetConfigSectionValue: OutgoingCommands1\nGetConfigSectionValue: OutgoingCommands1Seconds 0\nGetConfigSectionValue: OutgoingCommands2\nGetConfigSectionValue: OutgoingCommands2Seconds 0\nGetConfigSectionValue: OutgoingCommands3\nGetConfigSectionValue: OutgoingCommands3Seconds 0\nGetConfigSectionValue: OutgoingCommands4\nGetConfigSectionValue: OutgoingCommands4Seconds 0\nGetConfigSectionValue: OutgoingCommands5\nGetConfigSectionValue: OutgoingCommands5Seconds 0\nEndOfGetConfigSectionValues",
    "related_commands": "configAdd Command on page 85\nconfigParse Command on page 87\nconfigStart Command on page 89\ngetConfigSectionInfo Command on page 117\ngetConfigSectionList Command on page 119\nconfigAdd Command on page 85\nnewConfigParam Command on page 163\nnewConfigSectionComment Command on page 165",
    "source": "\nAdept ARCL Reference Guide, Updated: 2/19/2016",
    "page": "\nPage 122"
}