{
    "title": "getConfigSectionInfo Command",
    "syntax": "getConfigSectionInfo <section>",
    "usage_considerations": "This ARCL\u00a0command is available on the robot and Enterprise Manager.\nARAM Settings\nYou have to explicitly enable this feature in MobilePlanner by checking and applying the ArclConfig para-\nmeter in the ARCL\u00a0server setup section of the Configuration > Robot Interface tab. For more inform-\nation, see Set ARCL Parameters in MobilePlanner on page 30. Changes do not take effect until: the robot is\nidle and stationary; the Configuration changes are saved.",
    "parameters": "The getConfigSectionInfo arguments are described in the table below.\nParameters\nDefinition\nsection\nEnter the name of the section from which you want to see a list of\nconfiguration parameters. This is a text string; it is case-sensitive.\nThe string must not be enclosed in double quotes.",
    "responses": "When using the getConfigSectionInfo command, ARCL displays the following information:\ngetconfigsectioninfo \"<type>\" \"<type>\"\nThen for each parameter in the section, ARCL displays the following information:\nGetConfigSectionInfo:\u00a0<type> <name> <priority> <min> <max> \"<description>\" \"<display\nhint>\"\n...\nEndOfGetConfigSectionInfo",
    "details": "The getConfigSectionInfo command displays details about the configuration parameters in a specified sec-\ntion. See Examples for details.\nNote that a valid section name must be entered, and the section name is case-sensitive.\nUse the getConfigSectionList Command to display a list of available sections. For details, see getCon-\nfigSectionList Command on page 119.\nAdept ARCL Reference Guide, Updated: 9:26:50 AM\nPage 117\ngetConfigSectionInfo Command",
    "examples": "The following example displays details about the configuration parameters in the section\"Outgoing\nARCL\u00a0Commands\".\ngetconfigsectioninfo Outgoing ARCL Commands\nGetConfigSectionInfo: \"\" \"SEPARATE_SECTION\"\nGetConfigSectionParamInfo: Separator\nGetConfigSectionParamInfo: Bool LogOutgoingCommands Advanced None None \"True\nto log outgoing commands from below, false not to\" \"(null)\"\nGetConfigSectionParamInfo: Separator\nGetConfigSectionParamInfo: String OutgoingCommands1 Advanced None None \"ARCL\ncommand(s) to call on the outgoing socket\" \"(null)\"\nGetConfigSectionParamInfo: Double OutgoingCommands1Seconds Advanced 0 inf \"Call\nthe command every this many seconds (note it's a double so you can do .5 for half a\nsecond)\n0 disables (seconds)\" \"(null)\"",
    "related_commands": "configAdd Command on page 85\nconfigParse Command on page 87\nconfigStart Command on page 89\ngetConfigSectionList Command on page 119\ngetConfigSectionValues Command on page 121\nconfigAdd Command on page 85\nnewConfigParam Command on page 163\nnewConfigSectionComment Command on page 165",
    "source": "\nAdept ARCL Reference Guide, Updated: 2/19/2016",
    "page": "\nPage 118"
}