{
    "title": "getConfigSectionList Command",
    "syntax": "getConfigSectionList",
    "usage_considerations": "This ARCL\u00a0command is available on the robot and Enterprise Manager.\nARAM Settings\nYou have to explicitly enable this feature in MobilePlanner by checking and applying the ArclConfig para-\nmeter in the ARCL\u00a0server setup section of the Configuration > Robot Interface tab. For more inform-\nation, see Set ARCL Parameters in MobilePlanner on page 30. Changes do not take effect until: the robot is\nidle and stationary; the Configuration changes are saved.",
    "parameters": "",
    "responses": "",
    "details": "The getConfigSectionList displays the list of sections enabled in the ARAM configuration parameters. See",
    "examples": "for a sample list.\nThis command would be used in conjunction with getConfigSectionInfo, which returns information about a\nspecified section. For details, see getConfigSectionInfo Command on page 117.\nExamples\nThe following example returns a list of sections that are enabled in the ARAM\u00a0configuration parameters.\ngetconfigsectionlist\nGetConfigSectionList: Log Config\nGetConfigSectionList: Connection timeouts\nGetConfigSectionList: ARCL server setup\nGetConfigSectionList: Outgoing ARCL connection setup\nGetConfigSectionList: Outgoing ARCL commands\nGetConfigSectionList: Files\nGetConfigSectionList: Path Planning Settings\nGetConfigSectionList: Debug log\nGetConfigSectionList: lms2xx_1 Settings\nGetConfigSectionList: Localization settings\nGetConfigSectionList: Instant Macro Button Settings\nGetConfigSectionList: Periodic Macros\nGetConfigSectionList: Driving problem response\nAdept ARCL Reference Guide, Updated: 9:26:51 AM\nPage 119\ngetConfigSectionList Command\nGetConfigSectionList: bumpers Settings\nGetConfigSectionList: Teleop settings\nGetConfigSectionList: Robot config\nGetConfigSectionList: Destination Drawing\nGetConfigSectionList: Patrol\nGetConfigSectionList: Docking\nGetConfigSectionList: Move settings\nGetConfigSectionList: Follow (laser) settings\nGetConfigSectionList: A/V Config\nGetConfigSectionList: Speech Synthesis\nGetConfigSectionList: MultiRobot\nGetConfigSectionList: Data Log Settings\nEndOfGetConfigSectionList",
    "related_commands": "configAdd Command on page 85\nconfigParse Command on page 87\nconfigStart Command on page 89\ngetConfigSectionInfo Command on page 117\ngetConfigSectionValues Command on page 121\nconfigAdd Command on page 85\nnewConfigParam Command on page 163\nnewConfigSectionComment Command on page 165",
    "source": "\nAdept ARCL Reference Guide, Updated: 2/19/2016",
    "page": "\nPage 120"
}