{
    "title": "getGoals Command",
    "syntax": "getGoals",
    "usage_considerations": "This ARCL\u00a0command is available on the robot and Enterprise Manager.",
    "parameters": "This command does not have any parameters.",
    "responses": "",
    "details": "",
    "examples": "To get a list of the goal names in the current map, enter the following:\ngetgoals\nThe command returns:\nGoal: w200\nGoal: Y\nGoal: X\nGoal: First_Goal\nGoal: goal space\nGoal: T\nGoal: w180\nGoal: First\nGoal: V\nGoal: w20\nGoal: z\nEnd of goals",
    "related_commands": "getGoals Command on page 124\ngetRoutes Command on page 134\nAdept ARCL Reference Guide, Updated: 2/19/2016\nPage 124\ngetGoals Command\ngoto Command on page 135\ngotoRouteGoal Command on page 139",
    "source": "\nAdept ARCL Reference Guide, Updated: 9:26:51 AM",
    "page": "\nPage 125"
}