{
    "title": "getInfoList Command",
    "syntax": "getInfoList",
    "usage_considerations": "This ARCL\u00a0command is only available on the robot.\nThis command lists all information names on the connected device\u2014it is not restricted to the names cre-\nated with the createInfo command. For details, see createInfo Command on page 92.",
    "parameters": "This command does not have any parameters.",
    "responses": "The command returns:\nInfoList: <info>\n...\nInfoList: <info>\nEnd of info list",
    "details": "The getInfoList command is used to list all the information names on the connected device. The list\nincludes the system information names and any user-created information names that were added with\nthe createInfo command. For details, see createInfo Command on page 92.",
    "examples": "To view the list of information names, enter the following:\ngetinfolist\nThe command returns:\nInfoList: Odometer(KM)\nInfoList: LaserUncertainty\nInfoList: LaserScore\nInfoList: LaserLock\nInfoList: LaserNumSamples\nInfoList: Flags\nInfoList: Fault flags\nInfoList: MPacs\nInfoList: lms2xx_1 Pacs\nInfoList: CPU Use\nInfoList: SBC Uptime\nAdept ARCL Reference Guide, Updated: 2/19/2016\nPage 128\ngetInfoList Command\nInfoList: ARAM Uptime\nInfoList: Idle\nInfoList: Queue ID\nInfoList: Queue Job ID\nInfoList: DebugLogState\nInfoList: DebugLogSeconds\nInfoList: mystring\nEnd of info list",
    "related_commands": "createInfo Command on page 92\ngetInfo Command on page 126\nupdateInfo Command on page 293",
    "source": "\nAdept ARCL Reference Guide, Updated: 9:26:51 AM",
    "page": "\nPage 129"
}