{
    "title": "getInfo Command",
    "syntax": "getInfo <infoName>",
    "usage_considerations": "This ARCL\u00a0command is only available on the robot.\nYou can view the value of any information on the connected device\u2014it is not restricted to the information\ncreated with the createInfo command. For details, see createInfo Command on page 92.",
    "parameters": "The command parameters are described in the following table.\nParameter\nDefinition\n<infoName>\nEnter the name of the information you want to view.",
    "responses": "The command returns:\nInfo: <label> <string_value>",
    "details": "The getInfo command returns the information associated with the specified information name. You can\nuse the command to view the value of any information on the connected device. To see a list of all inform-\nation names on the device, use the getInfoList command. For details, see getInfoList Command on page\n128.",
    "examples": "To view the information associated with the information name \"mystring\", enter the following:\ngetinfo mystring\nThe command returns:\nInfo: Flags 400",
    "related_commands": "createInfo Command on page 92\ngetInfoList Command on page 128\nAdept ARCL Reference Guide, Updated: 2/19/2016\nPage 126\ngetInfo Command\nupdateInfo Command on page 293",
    "source": "\nAdept ARCL Reference Guide, Updated: 9:26:51 AM",
    "page": "\nPage 127"
}