{
    "title": "getMacros Command",
    "syntax": "getmacros",
    "usage_considerations": "This ARCL\u00a0command is only available on the robot.",
    "parameters": "This command does not have any parameters.",
    "responses": "The command returns:\n<macro_name>\n...\n<macro_name>\nEnd of macros",
    "details": "The getMacros command provides a list of the macro names found in the current map.\nUse this command with the executeMacro command. For details, see executeMacro Command on page\n112.",
    "examples": "getmacros\nThe command returns:\nMacro_1\nMacro_2\nMacro_3\nEnd of macros",
    "related_commands": "doTask Command on page 105\ndoTaskInstant Command on page 107\nexecuteMacro Command on page 112\ngetMacros Command on page 130\nAdept ARCL Reference Guide, Updated: 2/19/2016\nPage 130\ngetMacros Command\nlistAdd Command on page 145\nlistExecute Command on page 147\nlistStart Command on page 149\npauseTaskCancel Command on page 183\npauseTaskState Command on page 185\nwaitTaskCancel Command on page 295\nwaitTaskState Command on page 297",
    "source": "\nAdept ARCL Reference Guide, Updated: 9:26:51 AM",
    "page": "\nPage 131"
}