{
    "title": "getPrecedence Command",
    "syntax": "getprecedence",
    "usage_considerations": "This ARCL\u00a0command is only available on the robot.",
    "parameters": "This command does not have any parameters.",
    "responses": "The command returns:\ngetPrecedence: <value>",
    "details": "The getPrecedence command is used to display the precedence information for the robot. The precedence\nvalue is used in a multi-robot encounter. The robot that has the lowest value will get highest precedence,\nthe robot with the next lowest value will get the next highest precedence, and so on. The precedence value\nis set using the setPrecedence command. For details, see setPrecedence Command on page 274.",
    "examples": "To get the precedence information for the robot, enter the following:\ngetprecedence\nThe command returns:\ngetPrecedence: 0",
    "related_commands": "setPrecedence Command on page 274",
    "source": "\nAdept ARCL Reference Guide, Updated: 9:26:51 AM",
    "page": "\nPage 133"
}