{
    "title": "getPayload Command",
    "syntax": "getPayload",
    "usage_considerations": "This ARCL\u00a0command is only available on the robot.",
    "parameters": "This command does not have any parameters.",
    "responses": "The command returns:\npayload <payload>",
    "details": "The getPayload command gets the name of the robot payload. To set the payload name, use the setPay-\nload command. For details, see setPayload Command on page 272.",
    "examples": "The following example requests the payload name:\ngetpayload\nThe command returns:\npayload This has widgets",
    "related_commands": "payloadQuery Command (shortcut: pq) on page 187\npayloadQuery Command (shortcut: pq) on page 187\npayloadRemove Command (shortcut: pr) on page 192\npayloadSet Command (shortcut: ps) on page 194\npayloadSlotCount Command (shortcut: psc) on page 196\npayloadSlotCountLocal Command (shortcut: pscl) on page 198\nsetPayload Command on page 272",
    "source": "\nAdept ARCL Reference Guide, Updated: 2/19/2016",
    "page": "\nPage 132"
}