{
    "title": "getRoutes Command",
    "syntax": "getRoutes",
    "usage_considerations": "This ARCL\u00a0command is only available on the robot.",
    "parameters": "This command does not have any parameters.",
    "responses": "",
    "details": "",
    "examples": "To show the list of routes on the current map, enter the following:\ngetroutes\nThe command returns:\nRoutes\nRoute: tv\nRoute: xyz\nRoute: yzx\nRoute: zy\nEnd of routes",
    "related_commands": "getGoals Command on page 124\ngotoRouteGoal Command on page 139",
    "source": "\nAdept ARCL Reference Guide, Updated: 2/19/2016",
    "page": "\nPage 134"
}