{
    "title": "gotoPoint Command",
    "syntax": "gotoPoint <X> <Y> <heading: optional>",
    "usage_considerations": "This ARCL\u00a0command is only available on the robot.",
    "parameters": "The command parameters are described in the following table.\nParameter\nDefinition\nX\nSpecifies the distance of travel in the robot X direction.\nY\nSpecifies the distance of travel in the robot Y direction.\nheading: optional\nSpecifies an optional heading in degrees.",
    "responses": "The command returns:\nGoing to point <x> <y> <heading:optional>\nArrived at point <x> <y> <heading:optional>",
    "details": "The gotoPoint command sends the robot to the specified point in the map and, upon arrival, turn to the\ngiven heading, if it was specified.",
    "examples": "The following is a gotoPoint command with a heading:\ngotopoint 14000 25000 180\nGoing to point 14000 25000 180\nArrived at point 14000 25000 180\nThe following is a gotoPoint command without a heading:\ngotopoint 13000 26000\nGoing to point 13000 26000\nArrived at point 13000 26000\nAdept ARCL Reference Guide, Updated: 9:26:51 AM\nPage 137\ngotoPoint Command",
    "related_commands": "goto Command on page 135\ngotoRouteGoal Command on page 139",
    "source": "\nAdept ARCL Reference Guide, Updated: 2/19/2016",
    "page": "\nPage 138"
}