{
    "title": "gotoRouteGoal Command",
    "syntax": "gotoRouteGoal <route_name> <goal_name> [index]",
    "usage_considerations": "This ARCL\u00a0command is only available on the robot.\nThe optional index parameter is typically reserved for specific applications and is not required under normal\ncircumstances.",
    "parameters": "The command parameters are described in the following table.\nParameter\nDefinition\nroute_name\nEnter the name of the route where the robot will find the goal.\ngoal_name\nEnter the name of the goal you want the robot to navigate to.\nindex\nEnter an optional index. This is typically reserved for specific applic-\nations and is not required under normal circumstances.",
    "responses": "The command returns:\nGoing to <goal_name>\nArrived at <goal_name>",
    "details": "Sends robot to specified goal within the specified goal. Optionally, the command also asserts a route index if\none has been specified. However, this is typically reserved for specific applications and is not required under\nnormal circumstances.",
    "examples": "To send the robot to goal \"g_17\" in the route named \"test\", enter the following:\ngotoroutegoal test g_17\nThe command returns:\nGoing to g_17\nArrived at g_17\nAdept ARCL Reference Guide, Updated: 9:26:51 AM\nPage 139\ngotoRouteGoal Command",
    "related_commands": "goto Command on page 135\ngotoPoint Command on page 137",
    "source": "\nAdept ARCL Reference Guide, Updated: 2/19/2016",
    "page": "\nPage 140"
}