{
    "title": "goto Command",
    "syntax": "goto <goal_name> [heading]",
    "usage_considerations": "This ARCL\u00a0command is only available on the robot.",
    "parameters": "The goto arguments are described in the table below.\nParameter\nDefinition\ngoal_name\nEnter the name of the goal you want the robot to drive to.\nheading\nEnter an optional heading in degrees.",
    "responses": "The command returns:\nGoing to <goal_name> with heading [heading]\nArrived at <goal_name> with heading [heading]",
    "details": "The goto command sends the robot to the named goal and, when it arrives, turns the robot to the specified\nheading if it was specified.",
    "examples": "To have the robot go to goal \"g_15\", enter the following:\ngoto g_15\nThe command returns:\nGoing to g_15\nArrived at g_15\nTo have the robot go to goal \"X\" with a heading of \"10\", enter the following:\ngoto X 10\nThe command returns:\nAdept ARCL Reference Guide, Updated: 9:26:51 AM\nPage 135\ngoto Command\nGoing to X with heading 10\nArrived at X with heading 10",
    "related_commands": "gotoPoint Command on page 137\ngotoRouteGoal Command on page 139",
    "source": "\nAdept ARCL Reference Guide, Updated: 2/19/2016",
    "page": "\nPage 136"
}