{
    "title": "help Command",
    "syntax": "help",
    "usage_considerations": "This ARCL\u00a0command is available on the robot and Enterprise Manager.",
    "parameters": "",
    "responses": "",
    "details": "The help command provides a list and brief description of the available ARCL commands on the connected\nserver or robot. The list shown depends on the current configuration of your server or robot, therefore, it\nmay not show the entire library of commands.",
    "examples": "",
    "related_commands": "",
    "source": "",
    "page": "1"
}