{
    "title": "inputQuery Command",
    "syntax": "inputQuery <name>",
    "usage_considerations": "This ARCL\u00a0command is only available on the robot.",
    "parameters": "The command parameters are described in the following table.\nParameters\nDefinition\nname\nEnter the name of the input to query.",
    "responses": "The command returns:\nInput: <name> <status>",
    "details": "The outputQuery command returns the status of the named digital input. To get a list of the digital inputs,\nuse the inputList command. For details, see inputList Command on page 142.",
    "examples": "To get the status of digital input named \"in_one\", enter the following:\nInputquery in_one\nThe command returns:\nInput: in_one off",
    "related_commands": "inputList Command on page 142\noutputList Command on page 171\noutputOff Command on page 173\noutputOn Command on page 174\noutputQuery Command on page 175",
    "source": "\nAdept ARCL Reference Guide, Updated: 2/19/2016",
    "page": "\nPage 144"
}