{
    "title": "inputList Command",
    "syntax": "inputList",
    "usage_considerations": "This ARCL\u00a0command is only available on the robot.",
    "parameters": "This command does not have any parameters.",
    "responses": "The command returns:\nInput: <name>\n...\nEnd of InputList",
    "details": "The inputList command returns the list of digital inputs. To get the status of a particular digital input, use\nthe inputQuery command. For details, see inputQuery Command on page 144.",
    "examples": "To get the list of digital inputs, enter the following:\ninputlist\nThe command returns:\nInputList: out_one\nInputList: out_two\nEnd of InputList",
    "related_commands": "inputQuery Command on page 144\noutputList Command on page 171\noutputOff Command on page 173\noutputOn Command on page 174\nAdept ARCL Reference Guide, Updated: 2/19/2016\nPage 142\ninputList Command\noutputQuery Command on page 175",
    "source": "\nAdept ARCL Reference Guide, Updated: 9:26:51 AM",
    "page": "\nPage 143"
}