{
    "title": "listExecute Command",
    "syntax": "listExecute",
    "usage_considerations": "This ARCL\u00a0command is only available on the robot.",
    "parameters": "This command does not have any parameters.",
    "responses": "The command returns:\nExecuting list\nSuccessfully finished task list",
    "details": "ARCL allows you to create a task list, add tasks to the list, and then execute the task list. In doing so, you\ncan make use of the tasks that are available in MobilePlanner for building routes and macros.\nYou must first initialize a task list with the listStart command. This overwrites any list that has already star-\nted but has not been executed. For details, see listStart Command on page 149.\nUse the listAdd command with a task name as an argument, followed by any other task argument. This\nputs the task into the current list. For details, see listAdd Command on page 145.\nWhen the list is complete, use listExecute to perform the series of tasks in the order they were entered.\nThe list can be executed only once.",
    "examples": "As shown below, the list commands allow you to assemble and execute a sequence of tasks. In the fol-\nlowing example, the robot travels to the goal Lobby and when it gets there, says its name and then asks for\na name:\nliststart\nList being cleared\nMaking new list\nlistadd goto Lobby\nAdded task goto Lobby\nlistadd say \"My name is PatrolBot\"\nAdded task say \"My name is PatrolBot\"\nlistadd say \"What is your name?\"\nAdept ARCL Reference Guide, Updated: 9:26:52 AM\nPage 147\nlistExecute Command\nAdded task say \"What is your name?\"\nlistexecute\nExecuting list\nSuccessfully finished task list",
    "related_commands": "doTask Command on page 105\ndoTaskInstant Command on page 107\nexecuteMacro Command on page 112\ngetMacros Command on page 130\nlistAdd Command on page 145\nlistExecute Command on page 147\nlistStart Command on page 149\npauseTaskCancel Command on page 183\npauseTaskState Command on page 185\nwaitTaskCancel Command on page 295\nwaitTaskState Command on page 297",
    "source": "\nAdept ARCL Reference Guide, Updated: 2/19/2016",
    "page": "\nPage 148"
}