{
    "title": "localizeToPoint Command",
    "syntax": "localizeToPoint <X> <Y> <T> [xySpread] [thSpread]",
    "usage_considerations": "This ARCL\u00a0command is only available on the robot.",
    "parameters": "The command parameters are described in the following table.\nParameter\nDefinition\nX\nEnter an integer (in mm) that represents the X coordinate where\nyou want the robot to localize.\nY\nEnter an integer (in mm) that represents the Y coordinate where\nyou want the robot to localize.\nT\nEnter an integer that represents the Theta value in degrees.\nxySpread\nEnter an optional integer (mm) that represents the XY spread.\nthSpread\nEnter an optional integer (degrees) that represents the Theta\nspread.",
    "responses": "The command returns:\nLocalized to point",
    "details": "Localizes to a given point, optionally with XY and Theta spread.",
    "examples": "The following example localizes the robot to point XYT point 100 100 0:\nlocalizetopoint 100 100 0\nLocalized to point\nThe following example localizes the robot to the previous XYT point, but it includes an XY\u00a0spread of 10 mm\nand a Theta spread of 2 degrees:\nAdept ARCL Reference Guide, Updated: 9:26:52 AM\nPage 151\nlocalizeToPoint Command\nlocalizetopoint 100 100 0 10 2\nLocalized to point",
    "related_commands": "gotoPoint Command on page 137",
    "source": "\nAdept ARCL Reference Guide, Updated: 2/19/2016",
    "page": "\nPage 152"
}