{
    "title": "log Command",
    "syntax": "log <message> [level]",
    "usage_considerations": "This ARCL\u00a0command is available on the robot and Enterprise Manager.",
    "parameters": "The command parameters are described in the following table.\nParameter\nDefinition\nmessage\nEnter the string the will be the log message. If it contains any\nspaces, the string must be enclosed in double quotes.\nlevel\nEnter the optional level for the message: Terse, Normal, or Verbose:\nTerse = Used for critical errors\nNormal = Used for standard error information\nVerbose = Used for routine information that typically doesn't need\nto be seen.\nIf no level is specified, it defaults to the \"Normal\" level.",
    "responses": "The command returns:\nLogging '<message>' with level [level]",
    "details": "The log command is used to add user-created messages to the system log file. There are three levels that\ncan be optionally specified for the message; if none is specified, the default level of \"Normal\" is used.",
    "examples": "The following example logs the message \"This is a test\" with no level specified:\nlog \"This is a test\" terse\nLogging 'This is a test' with level Normal\nThe following example logs the message \"This is a test\" with a level of \"Terse\":\nAdept ARCL Reference Guide, Updated: 9:26:52 AM\nPage 153\nlog Command\nlog \"This is a test\" terse\nLogging 'This is a test' with level Terse",
    "related_commands": "faultsGet Command on page 114",
    "source": "\nAdept ARCL Reference Guide, Updated: 2/19/2016",
    "page": "\nPage 154"
}