{
    "title": "mapObjectTypeInfo Command",
    "syntax": "mapObjectTypeInfo <type>",
    "usage_considerations": "This ARCL\u00a0command is available on the robot and Enterprise Manager.",
    "parameters": "The command parameters are described in the following table.\nParameters\nDefinition\ntype\nEnter a string that represents the type of objects. For example,\nSlowSector. The string must not contain spaces. The string must\nnot be enclosed in double quotes.",
    "responses": "The command returns:\nMapObjectTypeList: <type> <metaType> \"<label>\" \"<desc>\"\nMapObjectTypeInfoArgument: <argName> <argType> <argImportance> \"<argDescription>\"\nMapObjectTypeInfoArgument: <argName> <argType> <argImportance> \"<argDescription>\"\nMapObjectTypeInfoArgument: <argName> <argType> <argImportance> \"<argDescription>\"\nEnd of MapObjectTypeInfo",
    "details": "The mapObjectTypeInfo command displays detailed information about a specified type of map object. See",
    "examples": "for details.\nThere are four related commands that are used to get information about map objects: mapObjectTypeList,\nmapObjectTypeInfo, mapObjectList, and mapObjectInfo. These can be used in one of two ways:\nl Exploratory - by getting broad/general information and \"drilling down\" to the desired specific inform-\nation. For this method, you would:\nl Use mapObjectTypeList to show the map object <type>s.\nl Use mapObjectTypeInfo <type> to see if it has parameters or other information.\nl Use mapObjectList <type> to get the <name> of the map objects of that type.\nAdept ARCL Reference Guide, Updated: 9:26:52 AM\nPage 159\nmapObjectTypeInfo Command\nl Use mapObjectInfo <name> to get information about each map object (this is mostly for\nthose that have parameters).\nl Direct - by going after information on a specific map object. For this method, you would:\nl Use mapObjectInfo <name> to find out its <type> and its parameters.\nl Use mapObjectTypeInfo <type> to see what parameters it has and what they mean. This\nstep isn't needed if you already know what the parameters mean. However, it can be useful\nfor verifying ordering and other details.\nFor more details on these commands, see the links in the Related Commands section.\nExamples\nThe following example displays detailed information about the \"DriveOnRightSector\" object type:\nmapObjectTypeInfo DriveOnRightSector\nThe command returns:\nMapObjectTypeList: DriveOnRightSector SectorType \"PreferredDirectionRightSingle\" \"One\nWay Drive on Right\"\nMapObjectTypeInfoArgument: UseDefaultSideOffset bool Normal \"True to use the default\nside offset of 'Path Planning Settings'->'PreferredDirectionSideOffset', false to use\nthe PreferredDirectionSideOffset parameter of this object.\"\nMapObjectTypeInfoArgument: PreferredDirectionSideOffset int Normal \"The side offset for\nthis sector, which decides how far from the edge of the sector the robot will try to\ndrive. Setting this too low may cause the robot to pop out of the sector if it can get\nto an open area.\"\nEnd of MapObjectTypeInfo",
    "related_commands": "mapObjectInfo Command on page 155\nmapObjectList Command on page 157\nmapObjectTypeList Command on page 161",
    "source": "\nAdept ARCL Reference Guide, Updated: 2/19/2016",
    "page": "\nPage 160"
}