{
    "title": "mapObjectInfo Command",
    "syntax": "mapObjectInfo <name>",
    "usage_considerations": "This ARCL\u00a0command is available on the robot and Enterprise Manager.",
    "parameters": "The command parameters are described in the following table.\nParameters\nDefinition\nname\nEnter a string that represents the name of the map object.",
    "responses": "The command returns:\nMapObjectInfo: \"<name>\" <type> \"<description>\"\nMapObjectInfoParams: \"<name>\" <params>\nEnd of MapObjectInfo\nNote that if there are no parameters the MapObjectInfoParams will not be shown. The <params> will show\nall the parameters that are present; strings will be in quotes (if they contain spaces)\u2014those should be\nlooked for and removed. The <description> is what the user enters in the MobilePlanner software.",
    "details": "The mapObjectInfo command displays information about a specific map object. See Examples for details.\nThere are four related commands that are used to get information about map objects: mapObjectTypeList,\nmapObjectTypeInfo, mapObjectList, and mapObjectInfo. These can be used in one of two ways:\nl Exploratory - by getting broad/general information and \"drilling down\" to the desired specific inform-\nation. For this method, you would:\nl Use mapObjectTypeList to show the map object <type>s.\nl Use mapObjectTypeInfo <type> to see if it has parameters or other information.\nl Use mapObjectList <type> to get the <name> of the map objects of that type.\nl Use mapObjectInfo <name> to get information about each map object (this is mostly for\nthose that have parameters).\nl Direct - by going after information on a specific map object. For this method, you would:\nAdept ARCL Reference Guide, Updated: 9:26:52 AM\nPage 155\nmapObjectInfo Command\nl Use mapObjectInfo <name> to find out its <type> and its parameters.\nl Use mapObjectTypeInfo <type> to see what parameters it has and what they mean. This\nstep isn't needed if you already know what the parameters mean. However, it can be useful\nfor verifying ordering and other details.\nFor more details on these commands, see the links in the Related Commands section.",
    "examples": "The following example returns information about the map object named \"Pre-\nferredDirectionRightSingle1\":\nmapobjectinfo PreferredDirectionRightSingle1\nThe command returns:\nMapObjectInfo: \"PreferredDirectionRightSingle1\" DriveOnRightSector \"\"\nMapObjectInfoParams: \"PreferredDirectionRightSingle1\" true 300\nEnd of MapObjectInfo",
    "related_commands": "mapObjectList Command on page 157\nmapObjectTypeInfo Command on page 159\nmapObjectTypeList Command on page 161",
    "source": "\nAdept ARCL Reference Guide, Updated: 2/19/2016",
    "page": "\nPage 156"
}