{
    "title": "mapObjectList Command",
    "syntax": "mapObjectList <type>",
    "usage_considerations": "This ARCL\u00a0command is available on the robot and Enterprise Manager.",
    "parameters": "The command parameters are described in the following table.\nParameters\nDefinition\ntype\nEnter a string that represents the type of map objects you want to\nlist. The string must not contain spaces. The string must not be\nenclosed in double quotes.\nThis is a text string; it is case-sensitive.",
    "responses": "The command returns:\nMapObjectList: \"<name>\" <type>\nMapObjectList: \"<name>\" <type>\nEnd of MapObjectList",
    "details": "The mapObjectList command displays a list (by name) of the map objects of the specified type. See",
    "examples": "for details.\nThere are four related commands that are used to get information about map objects: mapObjectTypeList,\nmapObjectTypeInfo, mapObjectList, and mapObjectInfo. These can be used in one of two ways:\nl Exploratory - by getting broad/general information and \"drilling down\" to the desired specific inform-\nation. For this method, you would:\nl Use mapObjectTypeList to show the map object <type>s.\nl Use mapObjectTypeInfo <type> to see if it has parameters or other information.\nl Use mapObjectList <type> to get the <name> of the map objects of that type.\nAdept ARCL Reference Guide, Updated: 9:26:52 AM\nPage 157\nmapObjectList Command\nl Use mapObjectInfo <name> to get information about each map object (this is mostly for\nthose that have parameters).\nl Direct - by going after information on a specific map object. For this method, you would:\nl Use mapObjectInfo <name> to find out its <type> and its parameters.\nl Use mapObjectTypeInfo <type> to see what parameters it has and what they mean. This\nstep isn't needed if you already know what the parameters mean. However, it can be useful\nfor verifying ordering and other details.\nFor more details on these commands, see the links in the Related Commands section.\nExamples\nThe following example lists the names of the \"DriveOnRightSector\" object types in the map:\nmapobjectlist driveonrightsector\nThe command returns:\nMapObjectList: \"PreferredDirectionRightSingle1\" DriveOnRightSector\nMapObjectList: \"PreferredDirectionRightSingle2\" DriveOnRightSector\nEnd of MapObjectList",
    "related_commands": "mapObjectInfo Command on page 155\nmapObjectTypeInfo Command on page 159\nmapObjectTypeList Command on page 161",
    "source": "\nAdept ARCL Reference Guide, Updated: 2/19/2016",
    "page": "\nPage 158"
}