{
    "title": "mapObjectTypeList Command",
    "syntax": "mapObjectTypeList",
    "usage_considerations": "This ARCL\u00a0command is available on the robot and Enterprise Manager.",
    "parameters": "This command does not have any parameters.",
    "responses": "The command returns:\nMapObjectTypeList: <typeName> <metaType>\nMapObjectTypeList: <typeName> <metaType>\nEnd of MapObjectTypeList",
    "details": "The mapObjectInfo command displays a list of the various types of map objects contained in the current\nmap. See Examples for details.\nThere are four related commands that are used to get information about map objects: mapObjectTypeList,\nmapObjectTypeInfo, mapObjectList, and mapObjectInfo. These can be used in one of two ways:\nl Exploratory - by getting broad/general information and \"drilling down\" to the desired specific inform-\nation. For this method, you would:\nl Use mapObjectTypeList to show the map object <type>s.\nl Use mapObjectTypeInfo <type> to see if it has parameters or other information.\nl Use mapObjectList <type> to get the <name> of the map objects of that type.\nl Use mapObjectInfo <name> to get information about each map object (this is mostly for\nthose that have parameters).\nl Direct - by going after information on a specific map object. For this method, you would:\nl Use mapObjectInfo <name> to find out its <type> and its parameters.\nl Use mapObjectTypeInfo <type> to see what parameters it has and what they mean. This\nAdept ARCL Reference Guide, Updated: 9:26:52 AM\nPage 161\nmapObjectTypeList Command\nstep isn't needed if you already know what the parameters mean. However, it can be useful\nfor verifying ordering and other details.\nFor more details on these commands, see the links in the Related Commands section.",
    "examples": "The following example lists the types of map objects in the current map:\nmapObjectTypeList\nThe command returns:\nMapObjectTypeList: DriveOnRightSector SectorType\nMapObjectTypeList: FastSector SectorType\nMapObjectTypeList: LocalPathPlanningBehaviorSector SectorType\nMapObjectTypeList: MovementParametersSector SectorType\nEnd of MapObjectTypeList",
    "related_commands": "mapObjectInfo Command on page 155\nmapObjectList Command on page 157\nmapObjectTypeInfo Command on page 159",
    "source": "\nAdept ARCL Reference Guide, Updated: 2/19/2016",
    "page": "\nPage 162"
}