{
    "title": "newConfigSectionComment Command",
    "syntax": "newConfigSectionComment <section> <comment>",
    "usage_considerations": "This ARCL\u00a0command is available on the robot and Enterprise Manager.\nARAM Settings\nYou have to explicitly enable this feature in MobilePlanner by checking and applying the ArclConfig para-\nmeter in the ARCL\u00a0server setup section of the Configuration > Robot Interface tab. For more inform-\nation, see Set ARCL Parameters in MobilePlanner on page 30. Changes do not take effect until: the robot is\nidle and stationary; the Configuration changes are saved.",
    "parameters": "The command parameters are described in the following table.\nParameters\nDefinition\nsection\nEnter the name of the section from which you want to see a list of\nparameter values. This is a text string and is case-sensitive.\ncomment\nEnter a description of the new configuration parameter. This is a\ntext string; quotes around it are optional.",
    "responses": "The command returns:\nWill add config comment '<comment>' to section '<section>'",
    "details": "The newConfigSectionComment command allows you to enter a comment to display above the section\u2019s\nparameter list in the MobilePlanner configuration dialog.",
    "examples": "This example adds the comment \"my comments\" to the section \"Log\":\nnewConfigSectionComment Log \"my comments\"\nWill add config comment 'my comments' to section 'Log'\nYou can see the added comment by entering the getConfigSectionInfo command, as follows:\ngetconfigsectioninfo log\nAdept ARCL Reference Guide, Updated: 9:26:52 AM\nPage 165\nnewConfigSectionComment Command\nGetConfigSectionInfo: \"my comments\" \"CENTRAL_SECTION\"\nGetConfigSectionParamInfo: String newparam Basic None None \"this is a test param\" \"a\nhint\"\nEndOfGetConfigSectionInfo",
    "related_commands": "configAdd Command on page 85\nconfigParse Command on page 87\nconfigStart Command on page 89\ngetConfigSectionInfo Command on page 117\ngetConfigSectionList Command on page 119\ngetConfigSectionValues Command on page 121\nnewConfigParam Command on page 163\nnewConfigSectionComment Command on page 165",
    "source": "\nAdept ARCL Reference Guide, Updated: 2/19/2016",
    "page": "\nPage 166"
}