{
    "title": "newConfigParam Command",
    "syntax": "newConfigParam <section> <name> <description> <priority_level> <type> <default_value> <min>\n<max> <DisplayHint>",
    "usage_considerations": "This ARCL\u00a0command is available on the robot and Enterprise Manager.\nThe parameter is not persistent through an ARAM restart; however, its last-set value persists.\nARAM Settings\nYou have to explicitly enable this feature in MobilePlanner by checking and applying the ArclConfig para-\nmeter in the ARCL\u00a0server setup section of the Configuration > Robot Interface tab. For more inform-\nation, see Set ARCL Parameters in MobilePlanner on page 30. Changes do not take effect until: the robot is\nidle and stationary; the Configuration changes are saved.",
    "parameters": "The command parameters are described in the following table.\nParameters\nDefinition\nsection\nEnter the name of the section where you want to add a new con-\nfiguration parameter. This is a text string and is case-sensitive.\nname\nEnter the name of the new configuration parameter. This is a text\nstring and is case-sensitive.\ndescription\nEnter a description of the new configuration parameter. This is a\ntext string with quotes around it.\npriority_level\nEnter the priority level of the new parameter: Basic, Intermediate,\nAdvanced, Expert or Factory.\ntype\nEnter the type of parameter: integer, double, string, boolean or sep-\narator.\ndefault_value\nEnter the default value for the parameter.\nmin\nEnter a minimum value, if applicable, otherwise enter \"None\".\nmax\nEnter a maximum value, if applicable, otherwise enter \"None\".\nDisplayHint\nEnter a display hint for the new configuration parameter. This is a\ntext string with quotes around it. If you do not want to use a display\nhint, enter \"None\".\nAdept ARCL Reference Guide, Updated: 9:26:52 AM\nPage 163\nnewConfigParam Command",
    "responses": "The command returns:\nWill add new param '<name>' to section '<section>'",
    "details": "The newConfigParam command adds a custom parameter to ARAM\u2019s configuration. After the parameter is\nadded, it can be managed through ARCL or MobilePlanner. For details on managing parameters in\nMobilePlanner, see the Adept Motivity User's Guide.",
    "examples": "The following example adds a new configuration parameter \"newparam\" to the section \"Log\":\nnewconfigparam Log newparam \"this is a test param\" Basic string \"a test\" none none \"a\nhint\"\nWill add new param 'newparam' to section 'Log'\nYou can see the new parameter by entering the getConfigSectionInfo command, as follows:\ngetconfigsectioninfo log\nGetConfigSectionInfo: \"\" \"CENTRAL_SECTION\"\nGetConfigSectionParamInfo: String newparam Basic None None \"this is a test param\" \"a\nhint\"\nEndOfGetConfigSectionInfo",
    "related_commands": "configAdd Command on page 85\nconfigParse Command on page 87\nconfigStart Command on page 89\ngetConfigSectionInfo Command on page 117\ngetConfigSectionList Command on page 119\ngetConfigSectionValues Command on page 121\nnewConfigParam Command on page 163\nnewConfigSectionComment Command on page 165",
    "source": "\nAdept ARCL Reference Guide, Updated: 2/19/2016",
    "page": "\nPage 164"
}