{
    "title": "odometer Command",
    "syntax": "odometer",
    "usage_considerations": "This ARCL\u00a0command is only available on the robot.",
    "parameters": "This command does not have any parameters.",
    "responses": "The command returns:\nOdometer: <distance> mm <heading> deg <time> sec",
    "details": "How far and how long the robot has traveled since ARAM startup or reset. The odometer is reset with the\nodometerReset command. For details, see odometerReset Command on page 168.",
    "examples": "To view the robot odometer readings, enter the following:\nodometer\nThe command returns:\nOdometer: 8281 mm 210 deg 469 sec",
    "related_commands": "odometerReset Command on page 168",
    "source": "\nAdept ARCL Reference Guide, Updated: 9:26:52 AM",
    "page": "\nPage 167"
}