{
    "title": "odometerReset Command",
    "syntax": "odometerReset",
    "usage_considerations": "This ARCL\u00a0command is only available on the robot.",
    "parameters": "This command does not have any parameters.",
    "responses": "The command returns:\nReset odometer",
    "details": "The odometerReset command resets distance, heading and time odometer values to 0.",
    "examples": "To reset the robot odometer, enter the following:\nodometerreset\nThe command returns:\nReset odometer",
    "related_commands": "odometer Command on page 167",
    "source": "\nAdept ARCL Reference Guide, Updated: 2/19/2016",
    "page": "\nPage 168"
}