{
    "title": "oneLineStatus Command",
    "syntax": "oneLineStatus",
    "usage_considerations": "This ARCL\u00a0command is only available on the robot.",
    "parameters": "This command does not have any parameters.",
    "responses": "The command returns:\nStatus: Arrived at <goal> BatteryVoltage: <volts_dc> Location: <X_mm> <Y_mm> <heading>\nTemperature: <degrees>",
    "details": "The oneLineStatus command returns the robot\u2019s operating state, battery voltage and position status as a\nsingle line of text. To get a multi-line status of the robot, use the status command. For details, see status\nCommand on page 276.",
    "examples": "To get a one-line status of the robot, enter the following:\nonelinestatus\nThe command returns:\nStatus: Arrived at g_24 BatteryVoltage: 13.0 Location: 7038 -8342 0 Temperature: -127",
    "related_commands": "getDateTime Command on page 123\ngetGoals Command on page 124\ngetInfo Command on page 126\ngetInfoList Command on page 128\ngetPayload\u00a0Command on page 132\nAdept ARCL Reference Guide, Updated: 9:26:52 AM\nPage 169\noneLineStatus Command\ngetRoutes Command on page 134\nqueryDockStatus Command on page 203\nqueryMotors Command on page 207\nstatus Command on page 276",
    "source": "\nAdept ARCL Reference Guide, Updated: 2/19/2016",
    "page": "\nPage 170"
}