{
    "title": "outputQuery Command",
    "syntax": "outputQuery <name>",
    "usage_considerations": "This ARCL\u00a0command is only available on the robot.",
    "parameters": "The command parameters are described in the following table.\nParameters\nDefinition\nname\nEnter the name of the output to query.",
    "responses": "The command returns:\nOutput: <name> <status>",
    "details": "The outputQuery command returns the status of the named digital output. To get a list of the digital out-\nputs, use the outputList command. For details, see outputList Command on page 171.",
    "examples": "To get the status of digital output named \"out_one\", enter the following:\noutputquery out_one\nThe command returns:\nOutput: out_one off",
    "related_commands": "inputList Command on page 142\ninputQuery Command on page 144\noutputList Command on page 171\noutputOff Command on page 173\nAdept ARCL Reference Guide, Updated: 9:26:53 AM\nPage 175\noutputQuery Command\noutputOn Command on page 174",
    "source": "\nAdept ARCL Reference Guide, Updated: 2/19/2016",
    "page": "\nPage 176"
}