{
    "title": "outputOff Command",
    "syntax": "outputOff <name>",
    "usage_considerations": "This ARCL\u00a0command is only available on the robot.",
    "parameters": "The command parameters are described in the following table.\nParameters\nDefinition\nname\nEnter the name of the output to turn off.",
    "responses": "The command returns:\nOutput: <name> <status>",
    "details": "The outputOff command turns off the named digital output. To get a list of the digital outputs, use the out-\nputList command. For details, see outputList Command on page 171.",
    "examples": "To turn off digital output named \"out_one\", enter the following:\noutputoff out_one\nThe command returns:\nOutput: out_one off",
    "related_commands": "inputList Command on page 142\ninputQuery Command on page 144\noutputList Command on page 171\noutputOn Command on page 174\noutputQuery Command on page 175",
    "source": "\nAdept ARCL Reference Guide, Updated: 9:26:53 AM",
    "page": "\nPage 173"
}