{
    "title": "outputList Command",
    "syntax": "outputList",
    "usage_considerations": "This ARCL\u00a0command is only available on the robot.",
    "parameters": "This command does not have any parameters.",
    "responses": "The command returns:\nOutput: <name>\n...\nEnd of OutputList",
    "details": "The outputList command returns the list of digital outputs. To get the status of a particular digital output,\nuse the outputQuery command. For details, see outputQuery Command on page 175.",
    "examples": "To get the list of digital outputs, enter the following:\noutputlist\nThe command returns:\nOutputList: out_one\nOutputList: out_two\nEnd of OutputList",
    "related_commands": "inputList Command on page 142\ninputQuery Command on page 144\noutputOff Command on page 173\noutputOn Command on page 174\nAdept ARCL Reference Guide, Updated: 9:26:53 AM\nPage 171\noutputList Command\noutputQuery Command on page 175",
    "source": "\nAdept ARCL Reference Guide, Updated: 2/19/2016",
    "page": "\nPage 172"
}