{
    "title": "outputOn Command",
    "syntax": "outputOn <name>",
    "usage_considerations": "This ARCL\u00a0command is only available on the robot.",
    "parameters": "The command parameters are described in the following table.\nParameters\nDefinition\nname\nEnter the name of the output to turn on.",
    "responses": "The command returns:\nOutput: <name> <status>",
    "details": "The outputOn command turns on the named digital output. To get a list of the digital outputs, use the out-\nputList command. For details, see outputList Command on page 171.",
    "examples": "To turn on digital output named \"out_one\", enter the following:\noutputon out_one\nThe command returns:\nOutput: out_one on",
    "related_commands": "inputList Command on page 142\ninputQuery Command on page 144\noutputList Command on page 171\noutputOff Command on page 173\noutputQuery Command on page 175",
    "source": "\nAdept ARCL Reference Guide, Updated: 2/19/2016",
    "page": "\nPage 174"
}