{
    "title": "patrolResume Command",
    "syntax": "patrolResume [route_name]",
    "usage_considerations": "This ARCL\u00a0command is only available on the robot.",
    "parameters": "The command parameters are described in the following table.\nParameter\nDefinition\nroute_name\nEnter the name of the route you want the robot to patrol.",
    "responses": "The command returns:\nPatrolling route <route_name> once\nFinished patrolling route <route_name>",
    "details": "The patrolResume command instructs the robot to continue the patrol of the named route. (\"Patrol\"\nmeans to stop at all the route goals in the order on the route list.)",
    "examples": "The following example starts a patrol of the route named \"test\", interrupts the patrol with a stop com-\nmand, and then uses the patrolResume command to continue the patrol.\npatrolonce test 0\nPatrolling route test once\nstop\nInterrupted: Patrolling route test once\nStopping\nStopped\npatrolresume test\nPatrolling route test once\nFinished patrolling route test\nAdept ARCL Reference Guide, Updated: 9:26:53 AM\nPage 181\npatrolResume Command",
    "related_commands": "patrol Command on page 177\npatrolOnce Command on page 179\nstop Command on page 278",
    "source": "\nAdept ARCL Reference Guide, Updated: 2/19/2016",
    "page": "\nPage 182"
}