{
    "title": "patrolOnce Command",
    "syntax": "patrolOnce <route_name> [index]",
    "usage_considerations": "This ARCL\u00a0command is only available on the robot.",
    "parameters": "The command parameters are described in the following table.\nParameter\nDefinition\nroute_name\nEnter the name of the route you want the robot to patrol.\nindex\nEnter an optional index value. No value or 0 instructs the robot to\nstart at the beginning of the route.",
    "responses": "The command returns:\nPatrolling route <route_name> once\nFinished patrolling route <route_name>",
    "details": "The patrolOnce command instructs the robot to patrol the named route one time. (\"Patrol\" means to stop\nat all the route goals in the order on the route list.) The patrol starts from the first goal on the list or from\nthe specified indexed goal.",
    "examples": "To command the robot to patrol the route \"test\", enter:\npatrolonce test\nThe command returns:\nPatrolling route test once\nFinished patrolling route test",
    "related_commands": "patrol Command on page 177\nAdept ARCL Reference Guide, Updated: 9:26:53 AM\nPage 179\npatrolOnce Command\npatrolResume Command on page 181\nstop Command on page 278",
    "source": "\nAdept ARCL Reference Guide, Updated: 2/19/2016",
    "page": "\nPage 180"
}