{
    "title": "patrol Command",
    "syntax": "patrol <route_name>",
    "usage_considerations": "This ARCL\u00a0command is only available on the robot.",
    "parameters": "The command parameters are described in the following table.\nParameter\nDefinition\nroute_name\nEnter the name of the route you want the robot to patrol.",
    "responses": "The command returns:\nPatrolling route <route_name>",
    "details": "The patrol command instructs the robot to perform a continuous patrol of the named route. (\"Patrol\"\nmeans to stop at all the route goals in the order on the route list.) The robot will keep patrolling until a stop\ncommand is entered. For details, see stop Command on page 278.",
    "examples": "The following example starts a patrol of the route named \"test\" and then interrupts the patrol with a stop\ncommand.\npatrol test\nPatrolling route test\nstop\nInterrupted: Patrolling route test\nStopping\nStopped",
    "related_commands": "patrolOnce Command on page 179\npatrolResume Command on page 181\nAdept ARCL Reference Guide, Updated: 9:26:53 AM\nPage 177\npatrol Command\nstop Command on page 278",
    "source": "\nAdept ARCL Reference Guide, Updated: 2/19/2016",
    "page": "\nPage 178"
}