{
    "title": "pauseTaskCancel Command",
    "syntax": "pauseTaskCancel",
    "usage_considerations": "This ARCL\u00a0command is only available on the robot.",
    "parameters": "This command does not have any parameters.",
    "responses": "The command returns:\nPauseTask: <status>\nThe pauseTaskCancel command returns one of the following status messages:\nl PauseTask: Pausing with status \"Pausing\"\nl PauseTask: Pausing interrupted\nl PauseTask: Pausing cancelled\nl PauseTask: Not pausing\nThese messages are broadcast to all of the clients, with the exception of \"Not pausing\".",
    "details": "The pauseTaskCancel command is used to cancel a pause task if one is active. See the Examples section.",
    "examples": "The following example starts, builds and executes a task list. The pauseTaskCancel command is used to end\nthe \"pause\" (3rd) task on the list. When the pause task is canceled, the robot continues to the last goal (g_\n23).\nliststart mylist\nList being cleared\nMaking new list\nlistadd goto g_5\nAdded task 'goto g_5' to the list\nlistadd goto g_6\nAdded task 'goto g_6' to the list\nlistadd pause\nAdded task 'pause' to the list\nlistadd goto g_23\nAdept ARCL Reference Guide, Updated: 9:26:53 AM\nPage 183\npauseTaskCancel Command\nAdded task 'goto g_23' to the list\nlistexecute\nExecuting list\npausetaskcancel\nPauseTask: Pause cancelled\nSuccessfully finished task list",
    "related_commands": "doTask Command on page 105\ndoTaskInstant Command on page 107\nexecuteMacro Command on page 112\ngetMacros Command on page 130\nlistAdd Command on page 145\nlistExecute Command on page 147\nlistStart Command on page 149\npauseTaskCancel Command on page 183\npauseTaskState Command on page 185\nwaitTaskCancel Command on page 295\nwaitTaskState Command on page 297",
    "source": "\nAdept ARCL Reference Guide, Updated: 2/19/2016",
    "page": "\nPage 184"
}