{
    "title": "pauseTaskState Command",
    "syntax": "pauseTaskState",
    "usage_considerations": "This ARCL\u00a0command is only available on the robot.",
    "parameters": "This command does not have any parameters.",
    "responses": "",
    "details": "",
    "examples": "The following example shows the status of the pause task.\npausetaskstate\nPauseState: Pausing with status \"Pausing\"",
    "related_commands": "doTask Command on page 105\ndoTaskInstant Command on page 107\nexecuteMacro Command on page 112\ngetMacros Command on page 130\nlistAdd Command on page 145\nlistExecute Command on page 147\nAdept ARCL Reference Guide, Updated: 9:26:53 AM\nPage 185\npauseTaskState Command\nlistStart Command on page 149\npauseTaskCancel Command on page 183\npauseTaskState Command on page 185\nwaitTaskCancel Command on page 295\nwaitTaskState Command on page 297",
    "source": "\nAdept ARCL Reference Guide, Updated: 2/19/2016",
    "page": "\nPage 186"
}