{
    "title": "payloadRemove Command (shortcut: pr)",
    "syntax": "payloadRemove <slot_number>",
    "usage_considerations": "This ARCL\u00a0command is only available on the robot.",
    "parameters": "The command parameters are described in the following table.\nFor details on the data types, see Data Types on page 48.\nParameter\nDefinition\nslot_number\nEnter an integer greater than zero (slot numbering starts at 1).",
    "responses": "The command returns the following for a pending item:\npayloadremove attempting to remove slot <slot_number>\npayloadremove on <robot> of slot number <slot_number> successfully\nPayloadUpdate: \"<robot>\" <slot_number> \"Empty\" None None",
    "details": "The payloadRemove command empties a payload slot on the robot. The slot number must be specified,\nand it starts at 1.",
    "examples": "To empty payload slot 4 on the robot, enter\npayloadRemove 4\nThe command returns:\npayloadremove attempting to remove slot 4\npayloadremove on 31 of slot number 4 successfully\nPayloadUpdate: \"31\" 4 \"Empty\" None None",
    "related_commands": "getPayload\u00a0Command on page 132\nAdept ARCL Reference Guide, Updated: 2/19/2016\nPage 192\npayloadRemove Command (shortcut: pr)\npayloadQuery Command (shortcut: pq) on page 187\npayloadQuery Command (shortcut: pq) on page 187\npayloadSet Command (shortcut: ps) on page 194\npayloadSlotCount Command (shortcut: psc) on page 196\npayloadSlotCountLocal Command (shortcut: pscl) on page 198\nsetPayload Command on page 272",
    "source": "\nAdept ARCL Reference Guide, Updated: 9:26:53 AM",
    "page": "\nPage 193"
}