{
    "title": "payloadSlotCountLocal Command (shortcut: pscl)",
    "syntax": "payloadslotcountlocal",
    "usage_considerations": "This ARCL\u00a0command is only available on the robot.",
    "parameters": "",
    "responses": "",
    "details": "",
    "examples": "The following command displays the slot count for the local robot and echoes the string \"testing\":\npayloadslotcountlocal\nPayloadSlotCount: \"Adept_Telepresence_Robot\" 4\nEndPayloadSlotCount",
    "related_commands": "getPayload\u00a0Command on page 132\npayloadQuery Command (shortcut: pq) on page 187\npayloadQuery Command (shortcut: pq) on page 187\npayloadRemove Command (shortcut: pr) on page 192\npayloadSet Command (shortcut: ps) on page 194\npayloadSlotCount Command (shortcut: psc) on page 196\nsetPayload Command on page 272",
    "source": "\nAdept ARCL Reference Guide, Updated: 2/19/2016",
    "page": "\nPage 198"
}