{
    "title": "payloadQuery Command (shortcut: pq)",
    "syntax": "payloadQuery [robotName or \"default\"] [slotNumber or \"default\"] [echoString]",
    "usage_considerations": "This ARCL\u00a0command is available only on the Enterprise Manager.",
    "parameters": "The command parameters are described in the following table.\nFor details on the data types, see Data Types on page 48.\nParameter\nDefinition\nrobotName\nEnter the name of the robot to display its slot information.\nslotNumber\nEnter the slot number to display its information. Requires a value in\nthe previous parameter.\nechoString\nAn optional string that is appended to each line of the results.\nRequires a value in the previous parameter.",
    "responses": "The command returns the payload query in the following format:\nPayloadQuery: \"<robotName>\" <slotNumber> \"<description>\" <date> <time> \"[echoString]\"\nThe date and time are assigned by the system when the slot payload is set on the robot.",
    "details": "This command can be used to view the payload information for:\nl all slots on all robots\nl a specified slot on a robot\nl all slots on a specified robot\nSlot numbering starts at 1 (there is no slot 0).\nAn optional string can be specified, which will be appended to each line of the results.\nAdept ARCL Reference Guide, Updated: 9:26:53 AM\nPage 187\npayloadQuery Command (shortcut: pq)",
    "examples": "In the example below, robot 21 is carrying books and glasses. To view what robot 21 is carrying, enter the\nfollowing command:\npayloadQuery 21\nThe command returns:\nPayloadQuery: \"21\" 1 \"Books\" 05/07/2012 21:11:33 \"\"\nPayloadQuery: \"21\" 2 \"Glasses\" 05/07/2012 21:15:11 \"\"\nPayloadQuery: \"21\" 3 \"Empty\" None None \"\"\nPayloadQuery: \"21\" 4 \"Empty\" None None \"\"\nEndPayloadQuery\nThe following example displays all of the defined slots on all robots connected to the Enterprise Manager.\nThe command is entered without the robotName argument.\npayloadQuery\nPayloadQuery: \"21\" 1 \"Books\" 05/07/2012 21:11:33 \"\"\nPayloadQuery: \"21\" 2 \"Glasses\" 05/07/2012 21:14:51 \"\"\nPayloadQuery: \"21\" 3 \"Empty\" None None \"\"\nPayloadQuery: \"21\" 4 \"Empty\" None None \"\"\nPayloadQuery: \"22\" 1 \"Empty\" None None \"\"\nPayloadQuery: \"22\" 2 \"Empty\" None None \"\"\nPayloadQuery: \"22\" 3 \"stuff\" 09/10/2012 12:14:14 \"\"\nPayloadQuery: \"22\" 4 \"Empty\" None None \"\"\nPayloadQuery: \"23\" 1 \"morestuff\" 09/10/2012 12:17:23 \"\"\nPayloadQuery: \"23\" 2 \"Empty\" None None \"\"\nPayloadQuery: \"23\" 3 \"Bread\" 09/10/2012 12:23:39 \"\"\nPayloadQuery: \"23\" 4 \"Empty\" None None \"\"\nEndPayloadQuery\nThe following example displays all of the defined slots on all robots and echoes the string \"hello\":\npayloadquery default default hello\nPayloadQuery: \"31\" 1 \"slotjunk\" 05/07/2012 21:11:33 hello\nPayloadQuery: \"31\" 2 \"abc\" 05/07/2012 21:10:53 hello\nPayloadQuery: \"31\" 3 \"def\" 09/10/2012 12:14:14 hello\nPayloadQuery: \"31\" 4 \"ghi\" 09/10/2012 12:23:39 hello\nPayloadQuery: \"32\" 1 \"Empty\" None None hello\nPayloadQuery: \"32\" 2 \"Empty\" None None hello\nPayloadQuery: \"32\" 3 \"Empty\" None None hello\nPayloadQuery: \"32\" 4 \"Empty\" None None hello\nPayloadQuery: \"33\" 1 \"Empty\" None None hello\nPayloadQuery: \"33\" 2 \"Empty\" None None hello\nPayloadQuery: \"33\" 3 \"Empty\" None None hello\nPayloadQuery: \"33\" 4 \"Empty\" None None hello\nPayloadQuery: \"34\" 1 \"Empty\" None None hello\nPayloadQuery: \"34\" 2 \"Empty\" None None hello\nPayloadQuery: \"34\" 3 \"Empty\" None None hello\nPayloadQuery: \"34\" 4 \"Empty\" None None hello\nPayloadQuery: \"35\" 1 \"Empty\" None None hello\nPayloadQuery: \"35\" 2 \"Empty\" None None hello\nPayloadQuery: \"35\" 3 \"Empty\" None None hello\nAdept ARCL Reference Guide, Updated: 2/19/2016\nPage 188\npayloadQuery Command (shortcut: pq)\nPayloadQuery: \"35\" 4 \"Empty\" None None hello\nPayloadQuery: \"36\" 1 \"Empty\" None None hello\nPayloadQuery: \"36\" 2 \"Empty\" None None hello\nPayloadQuery: \"36\" 3 \"Empty\" None None hello\nPayloadQuery: \"36\" 4 \"Empty\" None None hello\nEndPayloadQuery",
    "related_commands": "getPayload\u00a0Command on page 132\npayloadQuery Command (shortcut: pq) on page 187\npayloadRemove Command (shortcut: pr) on page 192\npayloadSet Command (shortcut: ps) on page 194\npayloadSlotCount Command (shortcut: psc) on page 196\npayloadSlotCountLocal Command (shortcut: pscl) on page 198\nsetPayload Command on page 272",
    "source": "\nAdept ARCL Reference Guide, Updated: 9:26:53 AM",
    "page": "\nPage 189"
}