{
    "title": "payloadSet Command (shortcut: ps)",
    "syntax": "payloadSet <slot_number> <slot_string>",
    "usage_considerations": "This ARCL\u00a0command is only available on the robot.",
    "parameters": "The command parameters are described in the following table.\nFor details on the data types, see Data Types on page 48.\nParameter\nDefinition\nslot_number\nEnter an integer greater than zero, to define a payload slot on this\nrobot.\nslot_string\nEnter a description of the contents of the payload.",
    "responses": "The command returns:\npayloadset attempting to set payload <slot_number> \"<slot_string>\"\npayloadset on \"<robot>\" of slot number <slot_number> with string \"<slot_string>\" suc-\ncessfully set\nPayloadUpdate: \"<robot>\" <slot_number> \"<slot_string>\"",
    "details": "The payloadSet command defines a payload slot on the robot. These slots represent containers where the\nobjects (payload) are carried on top of the robot. For example, you can assign a name to slot 1 on robot\n\"xyz\" that represents the object the robot is to carry from one goal to the next. This allows you to keep\ntrack of what the robot is transporting.\nIf the robot does not have multiple payload slots, you can use the setPayload command to set the payload\nname for the entire robot. For details, see setPayload Command on page 272.",
    "examples": "To define payload slot 1 with the object \"Books\", enter:\npayloadSet 1 Books\nThe command returns:\nAdept ARCL Reference Guide, Updated: 2/19/2016\nPage 194\npayloadSet Command (shortcut: ps)\npayloadset attempting to set payload 1 \"Books\"\npayloadset on \"Adept_Telepresence_Robot\" of slot number 1 with string \"Books\" suc-\ncessfully set\nPayloadUpdate: \"Adept_Telepresence_Robot\" 1 \"Books\"",
    "related_commands": "getPayload\u00a0Command on page 132\npayloadQuery Command (shortcut: pq) on page 187\npayloadQuery Command (shortcut: pq) on page 187\npayloadRemove Command (shortcut: pr) on page 192\npayloadSlotCount Command (shortcut: psc) on page 196\npayloadSlotCountLocal Command (shortcut: pscl) on page 198\nsetPayload Command on page 272",
    "source": "\nAdept ARCL Reference Guide, Updated: 9:26:53 AM",
    "page": "\nPage 195"
}