{
    "title": "payloadQueryLocal Command (shortcut: pql)",
    "syntax": "payloadQueryLocal [slotNumber or \"default\"] [echoString]",
    "usage_considerations": "This ARCL\u00a0command is only available on the robot.",
    "parameters": "The command parameters are described in the following table.\nFor details on the data types, see Data Types on page 48.\nParameter\nDefinition\nslotNumber\nEnter the slot number to display its information.\nechoString\nAn optional string that is appended to each line of the results.\nRequires a value in the previous parameter.",
    "responses": "The command returns the payload query in the following format:\nPayloadQueryLocal: <slotNumber> \"<description>\" <date> <time> \"[echoString]\"\nThe date and time are assigned by the system when the slot payload is set. For details, see payloadSet\nCommand (shortcut: ps) on page 194.",
    "details": "This command can be used to view the payload information for:\nl all slots on the \"default\" robot\nl a specified slot on the \"default\" robot\nSlot numbering starts at 1 (there is no slot 0).\nAn optional string can be specified, which will be appended to each line of the results.",
    "examples": "The following command displays all slots on the local robot and echoes the string \"hello\":\npayloadquerylocal default hello\nPayloadQuery: 1 \"slotjunk\" 05/07/2012 21:11:33 hello\nPayloadQuery: 2 \"abc\" 05/07/2012 21:10:53 hello\nAdept ARCL Reference Guide, Updated: 2/19/2016\nPage 190\npayloadQueryLocal Command (shortcut: pql)\nPayloadQuery: 3 \"def\" 09/10/2012 12:14:14 hello\nPayloadQuery: 4 \"ghi\" 09/10/2012 12:23:39 hello\nEndPayloadQuery",
    "related_commands": "getPayload\u00a0Command on page 132\npayloadQuery Command (shortcut: pq) on page 187\npayloadRemove Command (shortcut: pr) on page 192\npayloadSet Command (shortcut: ps) on page 194\npayloadSlotCount Command (shortcut: psc) on page 196\npayloadSlotCountLocal Command (shortcut: pscl) on page 198\nsetPayload Command on page 272",
    "source": "\nAdept ARCL Reference Guide, Updated: 9:26:53 AM",
    "page": "\nPage 191"
}