{
    "title": "payloadSlotCount Command (shortcut: psc)",
    "syntax": "payloadSlotCount [robotName or \"default\"] [echoString]",
    "usage_considerations": "This ARCL\u00a0command is available only on the Enterprise Manager.",
    "parameters": "The command parameters are described in the following table.\nFor details on the data types, see Data Types on page 48.\nParameter\nDefinition\nrobotName\nEnter the name of the robot to display its slot count. To view the\nslot counts for all connected robots, enter the command with no\nparameter or enter \"default\".\nechoString\nAn optional string that is appended to each line of the\nresults.\u00a0Requires a value in the previous parameter.",
    "responses": "The command returns the slot count in the following format:\nPayloadSlotCount: \"<robotName>\" <slotCount> <date> <time> \"[echoString]\"\nThe date and time are assigned by the system.",
    "details": "The payloadSlotCount command is used to display the slot count on a specific robot or on all robots. To limit\nthe query to a specific robot, enter the robot name; to view the slot count on all robots, omit the robot\nname.\nSlot numbering starts at 1 (there is no slot 0).\nAn optional string can be specified, which will be appended to each line of the results.",
    "examples": "To view the slot count for robot 21, enter the following command:\npayloadslotcount 21\nAdept ARCL Reference Guide, Updated: 2/19/2016\nPage 196\npayloadSlotCount Command (shortcut: psc)\nThe command returns:\nPayloadSlotCount: \"21\" 4 \"\"\nEndPayloadSlotCount\nThe following example displays the slot counts on all robots connected to the Enterprise Manager. The com-\nmand is entered without the robotName argument.\npayloadSlotCount\nPayloadSlotCount: \"21\" 4 04/27/2012 06:37:33 \u201c\u201d\nPayloadSlotCount: \"22\" 5 04/27/2012 08:37:33 \u201c\u201d\nPayloadSlotCount: \"23\" 4 04/27/2012 07:37:33 \u201c\u201d\nEndPayloadSlotCount",
    "related_commands": "getPayload\u00a0Command on page 132\npayloadQuery Command (shortcut: pq) on page 187\npayloadQuery Command (shortcut: pq) on page 187\npayloadRemove Command (shortcut: pr) on page 192\npayloadSet Command (shortcut: ps) on page 194\npayloadSlotCountLocal Command (shortcut: pscl) on page 198\nsetPayload Command on page 272",
    "source": "\nAdept ARCL Reference Guide, Updated: 9:26:53 AM",
    "page": "\nPage 197"
}