{
    "title": "play Command",
    "syntax": "play <path_file>",
    "usage_considerations": "This ARCL\u00a0command is only available on the robot.\nThe sound file must be in .wav format.",
    "parameters": "The command parameters are described in the following table.\nParameter\nDefinition\npath_file\nEnter the path and name of the sound file with the .wav extension.\nFiles in subfolders must be use a forward slash between folder\nnames, for example:\n/subfolder1/subfolder2/wavefile.wav",
    "responses": "The command returns:\nPlaying <path_file>",
    "details": "The play command plays a .wav sound file on the mobile robot. It is equivalent to the playInstant task,\nwhich plays the specified wave file through the robot\u2019s audio output, if enabled.\nAlthough ARCL\u00a0does not provide a way to list the sound files on the robot, you can view the files using\nMobilePlanner File > Download/Upload menu selection, as shown in the following figure.\nAdept ARCL Reference Guide, Updated: 9:26:54 AM\nPage 199\nplay Command\nTo have the robot speak a text string, use the say command. For details, see say Command on page 261.",
    "examples": "The following example plays the file \"WindowsLogonSound.wav\", which is shown in the root folder of the\nrobot in the previous figure.\nplay WindowsLogonSound.wav\nPlaying WindowsLogonSound.wav",
    "related_commands": "say Command on page 261",
    "source": "\nAdept ARCL Reference Guide, Updated: 2/19/2016",
    "page": "\nPage 200"
}