{
    "title": "popupSimple Command",
    "syntax": "popupSimple <\"title\"> <\"message\"> <\"buttonLabel\"> <timeout>",
    "usage_considerations": "This ARCL\u00a0command is available on the robot and Enterprise Manager.\nAll parameters, except for timeout, must be enclosed in double quotes.",
    "parameters": "The command parameters are described in the following table.\nParameter\nDefinition\n\"title\"\nEnter a string enclosed in double quotes for the title.\n\"message\"\nEnter a string enclosed in double quotes for the message.\n\"buttonLabel\"\nEnter a string enclosed in double quotes for the button label.\ntimeout\nInteger that specifies the time (in seconds) the popup will remain on\nthe screen.",
    "responses": "The command returns:\nCreating simple popup",
    "details": "The popupSimple command is used to create a popup message for the MobileEyes software. When the com-\nmand is entered, the popup message is immediately displayed; it remains on screen for the timeout period\n(in seconds) or until the user clicks the button or close (x) icon, whichever occurs first.",
    "examples": "The following example displays a simple popup test message, which remains on the screen for 30 seconds.\nA sample of the popup is shown in the following figure.\npopupsimple \"test\" \"this is a test popup\" \"Close\" 30\nCreating simple popup\nAdept ARCL Reference Guide, Updated: 9:26:54 AM\nPage 201\npopupSimple Command\nExample Popup Message",
    "related_commands": "play Command on page 199\nsay Command on page 261",
    "source": "\nAdept ARCL Reference Guide, Updated: 2/19/2016",
    "page": "\nPage 202"
}