{
    "title": "queryDockStatus Command",
    "syntax": "queryDockStatus",
    "usage_considerations": "This ARCL\u00a0command is only available on the robot.",
    "parameters": "This command does not have any parameters.",
    "responses": "The command returns:\nDockingState: <Docking,Docked,Undocked> ForcedState: <Forced,Unforced> ChargeState:\n<Not,Bulk,Overcharge,Float>",
    "details": "The queryDockStatus command returns the current docking/charging state of the robot.",
    "examples": "To view the robot docking/charge status, enter:\nquerydockstatus\nThe command returns:\nDockingState: Docking ForcedState: Unforced ChargeState: Not",
    "related_commands": "queryMotors Command on page 207\nstatus Command on page 276",
    "source": "\nAdept ARCL Reference Guide, Updated: 9:26:54 AM",
    "page": "\nPage 203"
}