{
    "title": "queryMotors Command",
    "syntax": "queryMotors",
    "usage_considerations": "This ARCL\u00a0command is only available on the robot.",
    "parameters": "This command does not have any parameters.",
    "responses": "The command returns:\nMotors <enabled or disabled>\nor\nEstop pressed\nor\nEstop relieved but motors still disabled",
    "details": "The queryMotors command returns the current state of the robot motors. The response includes motors\nenable and e-stop status.",
    "examples": "To view the current state of the robot motors, enter:\nquerymotors\nThe command returns:\nMotors enabled\nWith an Estop event:\nEStop pressed\nEStop relieved but motors still disabled\nMotors enabled\nStopping\nStopped\nAdept ARCL Reference Guide, Updated: 9:26:54 AM\nPage 207\nqueryMotors Command\nHere's one with queries colorcoded (red == broadcasts, black are my queries and the responses to them):\nEStop pressed\nquerymotors\nEStop pressed\nEStop relieved but motors still disabled\nquerymotors\nEStop relieved but motors still disabled\nMotors enabled\nStopping\nStopped\nquerymotors\nMotors enabled\nThe motor disabled won't normally be seen (the old robots had buttons to do that, the new ones don't)...\nbut you can see it with the 4 0 above. It's:\nMotors disabled\nMotors enabled\nStopping\nStopped\nWith queries colorcoded (red == broadcasts, black are my queries and the responses to them):\nMotors disabled\nquerymotors\nMotors disabled\nMotors enabled\nStopping\nStopped\nquerymotors\nMotors enabled\nThe 'Stopping' and 'Stopped' shouldn't be mentioned because other things could happen there (if a robot\nwas docked, or if it had a pending job or something, it'd be different messages).",
    "related_commands": "queryDockStatus Command on page 203\nstatus Command on page 276",
    "source": "\nAdept ARCL Reference Guide, Updated: 2/19/2016",
    "page": "\nPage 208"
}