{
    "title": "queryFaults Command (shortcut: qf)",
    "syntax": "queryFaults [robotName or \"default\"] [echoString]",
    "usage_considerations": "",
    "parameters": "",
    "responses": "The command returns the following for a pending item:\nRobotFaultQuery: <robotName> <faultName> <faultShortDescription> <faultLongDescription>\n<bool:drivingFault> <bool:criticalFault><bool:applicationFault><bool:clearedOnGo><bool:\nclearedOnAcknowledgement> <echoString>\nEndQueryFaults",
    "details": "",
    "examples": "",
    "related_commands": "queueCancel Command (shortcut: qc) on page 209\nqueueCancel Command (shortcut: qc) on page 209\nqueueDropoff Command (shortcut: qd) on page 215\nqueuePickup Command (shortcut: qp) on page 233\nqueuePickupDropoff Command (shortcut: qpd) on page 236\nqueueModify Command (shortcut: qmod) on page 218\nqueueModify Command (shortcut: qmod) on page 218\nqueueMulti Command (shortcut: qm) on page 229\nqueueQuery Command (shortcut: qq) on page 241\nqueueQuery Command (shortcut: qq) on page 241\nqueueShowRobot Command (shortcut:\u00a0qsr) on page 251\nqueueShowCompleted Command (shortcut: qsc) on page 249\nqueueShowRobot Command (shortcut:\u00a0qsr) on page 251",
    "source": "\nAdept ARCL Reference Guide, Updated: 2/19/2016",
    "page": "\nPage 206"
}