{
    "title": "queueShowCompleted Command (shortcut: qsc)",
    "syntax": "queueshowcompleted [echoString]",
    "usage_considerations": "This ARCL\u00a0command is available only on the Enterprise Manager.\nShows only jobs with a status of Completed. To look at a specific job, use queueQuery. To look at a specific\nrobot, use queueShowRobot.\nThe configuration parameter maxNumberOfCompletedItems, which has a default of 100, limits the num-\nber of completed jobs that will be kept in the queue.\nThe configuration parameter DeleteCompletedItemsMinutes, which has a default of 60, determines how\nlong completed jobs will be kept in the queue. Jobs older than this will be deleted from the queue, and can-\nnot be viewed.\nEither of these two parameters can limit the number of jobs in the queue that are available for viewing with\nthe queueShowCompleted command.",
    "parameters": "",
    "responses": "",
    "details": "The queueShowCompleted command provides a listing of the jobs in the queue that are Completed, oldest\nfirst. You do not specify a robot with this command. Instead, it lists the information for all robots. If you\nwish to look at a specific robot, use the queueShowRobot command. For details, see the queueShowRobot\nCommand (shortcut:\u00a0qsr) on page 251. If you wish to look at a specific job, use the queueQuery command.\nFor details, see the queueQuery Command (shortcut: qq) on page 241.\nAdept ARCL Reference Guide, Updated: 9:26:55 AM\nPage 249\nqueueShowCompleted Command (shortcut: qsc)\nThe reported jobId was either provided as part of the request, or was autogenerated by the Enterprise Man-\nager software.\nAll failed counts are based on the jobId.\nFor details on the status conditions, see Status Conditions on page 51.\nAn optional string can be specified, which will be appended to each line of the results.",
    "examples": "queueshowcompleted\nQueueShow: PICKUP19 JOB19 10 Completed None Goal \"t\" \"Bullwinkle (.53)\" 05/06/2013\n05:55:33 05/06/2013 05:56:02 \"\" 0\nQueueShow: PICKUP21 JOB21 10 Completed None Goal \"t\" \"guiabot_2010_09_20\" 05/06/2013\n06:00:21 05/06/2013 06:00:42 \"\" 0\nQueueShow: PICKUP22 JOB22 10 Completed None Goal \"t\" \"Bullwinkle (.53)\" 05/06/2013\n06:00:32 05/06/2013 06:01:05 \"\" 0\nQueueShow: PICKUP23 JOB23 10 Completed None Goal \"t\" \"guiabot_2010_09_20\" 05/06/2013\n06:01:03 05/06/2013 06:01:23 \"\" 0\nEndQueueShowCompleted",
    "related_commands": "queryFaults Command (shortcut: qf) on page 204\nqueueCancel Command (shortcut: qc) on page 209\nqueueCancel Command (shortcut: qc) on page 209\nqueueDropoff Command (shortcut: qd) on page 215\nqueuePickup Command (shortcut: qp) on page 233\nqueuePickupDropoff Command (shortcut: qpd) on page 236\nqueueQuery Command (shortcut: qq) on page 241\nqueueQuery Command (shortcut: qq) on page 241\nqueueQuery Command (shortcut: qq) on page 241\nqueueShow Command (shortcut: qs) on page 247\nqueueShowRobot Command (shortcut:\u00a0qsr) on page 251\nqueueShowRobot Command (shortcut:\u00a0qsr) on page 251",
    "source": "\nAdept ARCL Reference Guide, Updated: 2/19/2016",
    "page": "\nPage 250"
}