{
    "title": "queueCancel Command (shortcut: qc)",
    "syntax": "queueCancel <type> <value> [echoString or \"default\"] [reason]",
    "usage_considerations": "This ARCL\u00a0command is available only on the Enterprise Manager.",
    "parameters": "The command parameters are described in the following table.\nFor details on the data types, see Data Types on page 48.\nParameter\nDefinition\ntype\nEnter the type of job. Valid types are:\nl id = the pickup or dropoff identification\nl jobId = the job identification\nl robotName = the robot name\nl status = the item status.\nvalue\nEnter the value that corresponds with the type used:\nFor id, enter the pickup or dropoff identification, for example:\nPICKUP2\nFor jobId, enter the job identification, for example: JOB2\nFor robotName, enter the robot name, for example: robot_34\nFor status, enter one of the following values:\nl inprogress = cancels a job with an InProgress status.\nl pending = cancels a job with a Pending status.\nl interrupted = cancels a job with an Interrupted status.\nechoString\nAn optional string that is appended to each line of the results.\nreason\nAn optional string that can be used to provide a reason for the can-\ncellation.",
    "responses": "The command returns the following for a pending item:\nqueuecancel cancelling <cancelType> <cancelValue> <echoString> <reason> from queue\nAdept ARCL Reference Guide, Updated: 9:26:54 AM\nPage 209\nqueueCancel Command (shortcut: qc)\nQueueUpdate: <id> <jobId> <priority> <status = Cancelled> <subStatus = reason_or_None>\nGoal <\"goalName\"> <\u201drobotName\u201d>\n<queuedDate> <queuedTime> <completedDate> <com-\npletedTime> <echoString>\nThe command returns the following for an in-progress item:\nqueuecancel cancelling <cancelType> <cancelValue> <echoString> from queue\nQueueUpdate: <id> <jobId> <priority> <status = Cancelling> <subStatus = reason_or_None>\nGoal <\"goalName\"> <\u201drobotName\u201d>\n<queuedDate> <queuedTime> <completedDate = None> <com-\npletedTime = None> <echoString>\nQueueUpdate: <id> <jobId> <priority> <status = Interrupted> <subStatus = reason_or_None>\nGoal <\"goalName\"> <\u201drobotName\u201d>\n<queuedDate> <queuedTime> <completedDate = None> <com-\npletedTime = None> <failedCount>\nQueueUpdate: <id> <jobId> <priority> <status = Cancelled> <subStatus = reason_or_None>\nGoal <\"goalName\"> <\u201drobotName\u201d>\n<queuedDate> <queuedTime> <completedDate> <com-\npletedTime> <failedCount>\nThe reported jobId was either provided as part of the request, or was autogenerated by the Enterprise Man-\nager software.\nAll failed counts are based on the jobId.\nFor details on the status conditions, see Status Conditions on page 51.",
    "details": "The queueCancel command is used to cancel a queued robot request. The request can be canceled by type\n(such as the robot name or job identification) or by the request status.\nAn optional string can be specified, which will be appended to each line of the results.",
    "examples": "In the following example, a pending item in the queue is canceled.\nqueuepickup x\nqueuepickup goal \"x\" with priority 10, id PICKUP1 and jobId JOB1 successfully queued\nQueueUpdate: PICKUP1 JOB1 10 Pending None Goal \"x\" \"None\" 04/15/2015 6:32:47 None None 0\nqueuecancel jobid job1\nQueueUpdate cancelling \"jobid\" \"job1\" \"\" \"None\" from queue\nQueueUpdate: PICKUP1 JOB1 10 Cancelled None Goal \"x\" \"None\" 04/15/2015 6:32:47\n04/15/2015 6:32:53 \"\"\nIn the following example, a request that is in progress is canceled.\nQueueUpdate: PICKUP8 JOB8 10 InProgress None Goal \"w20\" MT-490 12/16/2014 13:19:07 None\nNone\nqueuecancel goal w20 abc\nQueueUpdate: PICKUP8 JOB8 10 Cancelling None Goal \"w20\" None 12/16/2014 13:19:07 None\nNone abc\nQueueUpdate: PICKUP8 JOB8 10 Interrupted None Goal \"w20\" None 12/16/2014 13:19:07 None\nNone\nQueueUpdate: PICKUP8 JOB8 10 Cancelled None Goal \"w20\" None 12/16/2014 13:19:07\n12/16/2014 13:19:13\nAdept ARCL Reference Guide, Updated: 2/19/2016\nPage 210\nqueueCancel Command (shortcut: qc)\nIn the following example, a request that is in progress is canceled. The cancel request includes a reason for\nthe cancellation but no echo.\nQueueUpdate: PICKUP2 JOB2 10 InProgress After Goal \"w20\" \"guiabot_2010_09_20\" 01/21/2014\n15:04:59 None None 0\nqueuecancel id pickup2 default reason\nqueuecancel cancelling \"id\" \"pickup2\" \"\" \"reason\" from queue\nQueueUpdate: PICKUP2 JOB2 10 Cancelling reason Goal \"w20\" \"guiabot_2010_09_20\" 01/21/2014\n15:04:59 None None \"\"\nQueueUpdate: PICKUP2 JOB2 10 Interrupted None Goal \"w20\" \"guiabot_2010_09_20\" 01/21/2014\n15:04:59 None None 0\nQueueUpdate: PICKUP2 JOB2 10 Cancelled reason Goal \"w20\" \"guiabot_2010_09_20\" 01/21/2014\n15:04:59 01/21/2014 15:05:40 0\nIn the following example, a request that is in progress is canceled. The cancel request includes no reason\nfor the cancellation and no echo.\nQueueUpdate: PICKUP3 JOB3 10 InProgress After Goal \"w20\" \"guiabot_2010_09_20\" 01/21/2014\n15:07:58 None None 0\nqueuecancel jobid job3\nQueueUpdate cancelling \"jobid\" \"job3\" \"\" \"None\" from queue\nQueueCancel: PICKUP3 JOB3 10 Cancelling None Goal \"w20\" \"guiabot_2010_09_20\" 01/21/2014\n15:07:58 None None \"\"\nQueueUpdate: PICKUP3 JOB3 10 Interrupted None Goal \"w20\" \"guiabot_2010_09_20\" 01/21/2014\n15:07:58 None None 0\nQueueUpdate: PICKUP3 JOB3 10 Cancelled None Goal \"w20\" \"guiabot_2010_09_20\" 01/21/2014\n15:07:58 01/21/2014 15:08:32 0",
    "related_commands": "queryFaults Command (shortcut: qf) on page 204\nqueueDropoff Command (shortcut: qd) on page 215\nqueueMulti Command (shortcut: qm) on page 229\nqueuePickup Command (shortcut: qp) on page 233\nqueuePickupDropoff Command (shortcut: qpd) on page 236\nqueueQuery Command (shortcut: qq) on page 241\nqueueQuery Command (shortcut: qq) on page 241\nqueueShow Command (shortcut: qs) on page 247\nqueueShowCompleted Command (shortcut: qsc) on page 249\nqueueShowRobot Command (shortcut:\u00a0qsr) on page 251\nqueueShowRobot Command (shortcut:\u00a0qsr) on page 251",
    "source": "\nAdept ARCL Reference Guide, Updated: 9:26:54 AM",
    "page": "\nPage 211"
}