{
    "title": "queueMulti Command (shortcut: qm)",
    "syntax": "queueMulti <number of goals> <number of fields per goal> <goal1> <goal1 args> <goal2> <goal2\nargs> \u2026 <goalN> <goalN args> [jobid]",
    "usage_considerations": "This ARCL\u00a0command is available only on the Enterprise Manager.\nARAM Settings\nIn order to use this feature, you have to explicitly enable it in the MobilePlanner software, by setting the\nEnterpriseQueuing argument in the Enterprise Features section of the Configuration > Enterprise tab.",
    "parameters": "The queueMulti arguments are described in the table below.\nFor details on the data types, see Data Types on page 48.\nAdept ARCL Reference Guide, Updated: 9:26:55 AM\nPage 229\nqueueMulti Command (shortcut: qm)\nParameter\nDefinition\nnumber of goals\nEnter the number of goals where you want the mobile robot to go.\nUp to 50 goals are supported.\nnumber of fields per goal\nEnter the number of fields to be used for all goals. Two fields are sup-\nported, in this order:\u00a0<pickup|dropoff> <priority>.\ngoal1\nEnter the name of the first goal.\ngoal1 args\nEnter the arguments associated with the first goal in the form:\n<pickup|dropoff> <priority or \u201cdefault\u201d>\nThe first goal MUST be a pickup. All subsequent goals can be either\npickups or dropoffs.\nThe priority is an integer value that represents the priority of the\njob segment. The higher the number, the sooner the Enterprise\nManager is going to service the item. The default priority is 10,\nwhich can be changed in MobilePlanner. Only the priority of the first\nsegment in the queueMulti command will have an impact on how\nsoon the job is assigned to a robot.\ngoalN\nEnter the name of the Nth goal.\ngoalN args\nEnter the arguments associated with the Nth goal.\njobId\nEnter an optional identifier for the specified job. You can use a com-\nbination of string characters and integers. The jobId is helpful in\ntracking the job. If nothing is entered, ARCL generates a random\njobId.",
    "responses": "The command returns:\nQueueMulti: goal \"x\" with priority 10 id PICKUP1 and jobid JOB1 successfully queued\nQueueMulti: goal <\"goal1\"> with priority <goal1_priority> id <PICKUPid_or_DROPOFFid>\njobid <jobId> successfully queued\nQueueMulti: goal <\"goal2\"> with priority <goal2_priority> id <PICKUPid_or_DROPOFFid>\njobid <jobId> successfully queued and linked to <goal1_PICKUPid_or_DROPOFFid>\n:\n:\nQueueMulti: goal <\"goaln\"> with priority <goaln_priority> id <PICKUPid_or_DROPOFFid>\njobid <jobId> successfully queued and linked to <goal(n-1)_PICKUPid_or_DROPOFFid>\nEndQueueMulti\nThe reported jobId was either provided as part of the request, or was autogenerated by the Enterprise Man-\nager software.\nAll failed counts are based on the jobId.\nFor details on the status conditions, see Status Conditions on page 51.\nAdept ARCL Reference Guide, Updated: 2/19/2016\nPage 230\nqueueMulti Command (shortcut: qm)",
    "details": "The queueMulti command tells the mobile robot to go to multiple goals, to make pickups and dropoffs.",
    "examples": "The following example shows a queuedropoff at goal 1.\nExample #1 \u2013 Using Default job id\nqueuemulti 4 2 x pickup 10 y pickup 19 z dropoff 20 t dropoff 20\nQueueMulti: goal \"x\" with priority 10 id PICKUP1 and jobid JOB1 successfully queued\nQueueMulti: goal \"y\" with priority 19 id PICKUP2 and jobid JOB1 successfully queued and\nlinked to PICKUP1\nQueueMulti: goal \"z\" with priority 20 id DROPOFF3 and jobid JOB1 successfully queued and\nlinked to PICKUP2\nQueueMulti: goal \"t\" with priority 20 id DROPOFF4 and jobid JOB1 successfully queued and\nlinked to DROPOFF3\nEndQueueMulti\nQueueUpdate: PICKUP1 JOB1 10 Pending None Goal \"x\" \"None\" 08/15/2013 06:02:59 None None 0\nQueueUpdate: PICKUP2 JOB1 19 Pending ID_PICKUP1 Goal \"y\" \"None\" 08/15/2013 06:02:59 None\nNone 0\nQueueUpdate: DROPOFF3 JOB1 20 Pending ID_PICKUP2 Goal \"z\" \"None\" 08/15/2013 06:02:59 None\nNone 0\nQueueUpdate: DROPOFF4 JOB1 20 Pending ID_DROPOFF3 Goal \"t\" \"None\" 08/15/2013 06:02:59\nNone None 0\nQueueUpdate: PICKUP1 JOB1 10 InProgress UnAllocated Goal \"x\" \"Bullwinkle (.53)\"\n08/15/2013 06:02:59 None None 0\nQueueUpdate: PICKUP1 JOB1 10 InProgress Allocated Goal \"x\" \"Bullwinkle (.53)\" 08/15/2013\n06:02:59 None None 0\nQueueUpdate: PICKUP1 JOB1 10 InProgress Driving Goal \"x\" \"Bullwinkle (.53)\" 08/15/2013\n06:02:59 None None 0\nQueueUpdate: PICKUP1 JOB1 10 Completed None Goal \"x\" \"Bullwinkle (.53)\" 08/15/2013\n06:02:59 08/15/2013 06:03:20 0\nQueueUpdate: PICKUP2 JOB1 19 InProgress UnAllocated Goal \"y\" \"Bullwinkle (.53)\"\n08/15/2013 06:02:59 None None 0\nQueueUpdate: PICKUP2 JOB1 19 InProgress Allocated Goal \"y\" \"Bullwinkle (.53)\" 08/15/2013\n06:02:59 None None 0\nQueueUpdate: PICKUP2 JOB1 19 InProgress Driving Goal \"y\" \"Bullwinkle (.53)\" 08/15/2013\n06:02:59 None None 0\nQueueUpdate: PICKUP2 JOB1 19 Completed None Goal \"y\" \"Bullwinkle (.53)\" 08/15/2013\n06:02:59 08/15/2013 06:03:33 0\nQueueUpdate: DROPOFF3 JOB1 20 InProgress UnAllocated Goal \"z\" \"Bullwinkle (.53)\"\n08/15/2013 06:02:59 None None 0\nQueueUpdate: DROPOFF3 JOB1 20 InProgress Allocated Goal \"z\" \"Bullwinkle (.53)\" 08/15/2013\n06:02:59 None None 0\nQueueUpdate: DROPOFF3 JOB1 20 InProgress Before Goal \"z\" \"Bullwinkle (.53)\" 08/15/2013\n06:02:59 None None 0\nQueueUpdate: DROPOFF3 JOB1 20 InProgress Driving Goal \"z\" \"Bullwinkle (.53)\" 08/15/2013\n06:02:59 None None 0\nQueueUpdate: DROPOFF3 JOB1 20 InProgress After Goal \"z\" \"Bullwinkle (.53)\" 08/15/2013\n06:02:59 None None 0\nQueueUpdate: DROPOFF3 JOB1 20 Completed None Goal \"z\" \"Bullwinkle (.53)\" 08/15/2013\n06:02:59 08/15/2013 06:03:47 0\nQueueUpdate: DROPOFF4 JOB1 20 InProgress UnAllocated Goal \"t\" \"Bullwinkle (.53)\"\n08/15/2013 06:02:59 None None 0\nAdept ARCL Reference Guide, Updated: 9:26:55 AM\nPage 231\nqueueMulti Command (shortcut: qm)\nQueueUpdate: DROPOFF4 JOB1 20 InProgress Allocated Goal \"t\" \"Bullwinkle (.53)\"\n08/15/2013 06:02:59 None None 0\nQueueUpdate: DROPOFF4 JOB1 20 InProgress Driving Goal \"t\" \"Bullwinkle (.53)\" 08/15/2013\n06:02:59 None None 0\nQueueUpdate: DROPOFF4 JOB1 20 Completed None Goal \"t\" \"Bullwinkle (.53)\" 08/15/2013\n06:02:59 08/15/2013 06:04:03 0",
    "related_commands": "queueCancel Command (shortcut: qc) on page 209\nqueueCancel Command (shortcut: qc) on page 209\nqueuePickup Command (shortcut: qp) on page 233\nqueuePickupDropoff Command (shortcut: qpd) on page 236\nqueueQuery Command (shortcut: qq) on page 241\nqueueQuery Command (shortcut: qq) on page 241\nqueueShow Command (shortcut: qs) on page 247\nqueueShowRobot Command (shortcut:\u00a0qsr) on page 251\nqueueShowRobot Command (shortcut:\u00a0qsr) on page 251",
    "source": "\nAdept ARCL Reference Guide, Updated: 2/19/2016",
    "page": "\nPage 232"
}