{
    "title": "queueShowRobot Command (shortcut: qsr)",
    "syntax": "queueShowRobot [robotName or \"default\"] [echoString]",
    "usage_considerations": "This ARCL\u00a0command is available only on the Enterprise Manager.\nThis command does not return any job information; to view the queue and job information, use the\nqueueShow command from ARCL on the Enterprise Manager.",
    "parameters": "The command parameters are described in the following table.\nFor details on the data types, see Data Types on page 48.\nParameter\nDefinition\nrobotName\nEnter the name of the robot. To view all the robots connected to the\nEnterprise Manager, omit this parameter or enter \"default\".\nechoString\nAn optional string that is appended to each line of the results.\nRequires a value in the previous parameter.",
    "responses": "The command returns the following:\nQueueRobot: \"robotName\" robotStatus robotSubstatus echoString\nEndQueueShowRobot\nFor details on the status conditions, see Status Conditions on page 51.",
    "details": "The queueShowRobot command displays the status of the robots currently connected to the Enterprise\nManager. Optionally, this command allows you to query a specific robot name, versus the queueShow com-\nmand, which returns the queue status for all robots along with queue information.\nThis command does not return the job status for jobs currently in progress. To view that information, use\nthe queueShow command. For details, see queueShow Command (shortcut: qs) on page 247.\nAn optional string can be specified, which will be appended to each line of the results.\nAdept ARCL Reference Guide, Updated: 9:26:56 AM\nPage 251\nqueueShowRobot Command (shortcut:\u00a0qsr)",
    "examples": "The following example shows the status and substatus of robot 31:\nqueueshowrobot 31\nQueueRobot: \"31\" Available Available \"\"\nThe following example shows the status and substatus of all robots and includes an optional message\n\"echoit\":\nQueueshowrobot default echoit\nQueueRobot: \u201cRobot1\u201d UnAvailable EStopPressed echoit\nQueueRobot: \u201cRobot2\u201d UnAvailable Interrupted echoit\nQueueRobot: \u201cRobot3\u201d UnAvailable InterruptedButNotYetIdle echoit\nQueueRobot: \u201cRobot4\u201d Available Available echoit\nQueueRobot: \u201cRobot5\u201d InProgress Driving\nechoit\nQueueRobot: \u201cRobot6\u201d UnAvailable NotUsingEnterpriseManager echoit\nQueueRobot: \u201cRobot7\u201d UnAvailable UnknownBatteryType echoit\nQueueRobot: \u201cRobot8\u201d UnAvailable ForcedDocked echoit\nQueueRobot: \u201cRobot9\u201d UnAvailable NotLocalized echoit\nQueueRobot: \"patrolbot\" UnAvailable Fault_Driving_Application_faultName echoit\nEndQueueShowRobot",
    "related_commands": "queryFaults Command (shortcut: qf) on page 204\nqueueCancel Command (shortcut: qc) on page 209\nqueueCancel Command (shortcut: qc) on page 209\nqueueDropoff Command (shortcut: qd) on page 215\nqueueMulti Command (shortcut: qm) on page 229\nqueuePickup Command (shortcut: qp) on page 233\nqueuePickupDropoff Command (shortcut: qpd) on page 236\nqueueQuery Command (shortcut: qq) on page 241\nqueueQuery Command (shortcut: qq) on page 241\nqueueShow Command (shortcut: qs) on page 247\nqueueShowCompleted Command (shortcut: qsc) on page 249",
    "source": "\nAdept ARCL Reference Guide, Updated: 2/19/2016",
    "page": "\nPage 252"
}