{
    "title": "queueShow Command (shortcut: qs)",
    "syntax": "queueShow [echoString]",
    "usage_considerations": "This ARCL\u00a0command is available only on the Enterprise Manager.\nShows all jobs and all robots. To look at a specific job, use queueQuery. To look at a specific robot, use\nqueueShowRobot.",
    "parameters": "The command parameters are described in the following table.\nFor details on the data types, see Data Types on page 48.\nParameter\nDefinition\nechoString\nAn optional string that is appended to each line of the results.",
    "responses": "The command returns the following information:\nQueueRobot: <robotName> <robotStatus> <robotSubstatus> <echoString>\nQueueShow: <id> <jobId> <priority> <status> <substatus> Goal <\"goalName\"> <\u201drobotName\u201d>\n<queued date> <queued time> <completed date> <completed time> <echoString> <failed count>\nEndQueueShow",
    "details": "The queueShow command provides a listing of all robots connected to the Enterprise Manager, and all jobs\nin the queue including those that are pending, interrupted, or are currently assigned to the robots. You do\nnot specify a robot with this command. Instead, it lists the information for all robots. If you wish to look at a\nspecific robot, use the queueShowRobot command. For details, see the queueShowRobot Command\n(shortcut:\u00a0qsr) on page 251. If you wish to look at a specific job, use the queueQuery command. For details,\nsee the queueQuery Command (shortcut: qq) on page 241.\nThe reported jobId was either provided as part of the request, or was autogenerated by the Enterprise Man-\nager software.\nAll failed counts are based on the jobId.\nFor details on the status conditions, see Status Conditions on page 51.\nAn optional string can be specified, which will be appended to each line of the results.\nAdept ARCL Reference Guide, Updated: 9:26:55 AM\nPage 247\nqueueShow Command (shortcut: qs)",
    "examples": "queueshow\nQueueRobot: \"21\" InProgress Driving \"\"\nQueueRobot: \"22\" Available Available \"\"\nQueueRobot: \"23\" Available Available \"\"\nQueueRobot: \"24\" Available Available \"\"\nQueueRobot: \"25\" Available Available \"\"\nQueueRobot: \"26\" Available Available \"\"\nQueueShow: PICKUP3 JOB3 10 Completed None Goal \"1\" \"21\" 11/14/2012 11:49:23 11/14/2012\n11:49:23 \"\" 0\nQueueShow: PICKUP4 JOB4 10 InProgress Driving Goal \"7\" \"21\" 11/14/2012 11:49:34 None\nNone \"\" 0\nEndQueueShow",
    "related_commands": "queryFaults Command (shortcut: qf) on page 204\nqueueCancel Command (shortcut: qc) on page 209\nqueueCancel Command (shortcut: qc) on page 209\nqueueDropoff Command (shortcut: qd) on page 215\nqueueMulti Command (shortcut: qm) on page 229\nqueuePickup Command (shortcut: qp) on page 233\nqueuePickupDropoff Command (shortcut: qpd) on page 236\nqueueQuery Command (shortcut: qq) on page 241\nqueueQuery Command (shortcut: qq) on page 241\nqueueShowCompleted Command (shortcut: qsc) on page 249\nqueueShowRobot Command (shortcut:\u00a0qsr) on page 251\nqueueShowRobot Command (shortcut:\u00a0qsr) on page 251",
    "source": "\nAdept ARCL Reference Guide, Updated: 2/19/2016",
    "page": "\nPage 248"
}