{
    "title": "queueCancelLocal Command (shortcut: qcl)",
    "syntax": "queueCancelLocal <type> <value> [echoString] [reason]",
    "usage_considerations": "This ARCL\u00a0command is only available on the robot.\nBecause the queueCancelLocal command is only available on the robot, it assumes it applies only to the\nitems queued for that robot. This is a powerful difference (and feature) of the \"local\" version of the com-\nmand. So, for example, a \"queueCancelLocal status inprogress\" command would allow you to cancel,\nbased on inprogress status, all jobs queued for that particular robot.",
    "parameters": "The command parameters are described in the following table.\nFor details on the data types, see Data Types on page 48.\nParameter\nDefinition\ntype\nEnter the type of job. Valid types are:\nl id = the pickup or dropoff identification\nl jobId = the job identification\nl robotName = the robot name\nl status = the item status.\nvalue\nEnter the value that corresponds with the type used:\nFor id, enter the pickup or dropoff identification, for example:\nPICKUP2\nFor jobId, enter the job identification, for example: JOB2\nFor status, enter one of the following values:\nl inprogress = queries a job with an InProgress status.\nl pending = queries a job with a Pending status.\nl interrupted = queries a job with an Interrupted status.\nNOTE:\u00a0The value is ignored if type is <robotname>.\nechoString\nAn optional string that is appended to each line of the results.\nreason\nAn optional string that can be used to provide a reason for the can-\ncellation.\nAdept ARCL Reference Guide, Updated: 2/19/2016\nPage 212\nqueueCancelLocal Command (shortcut:\u00a0qcl)",
    "responses": "The command returns the following for a pending item:\nqueuecancel cancelling <cancelType> <cancelValue> <echoString> <reason> from queue\nQueueUpdate: <id> <jobId> <priority> <status = Cancelled> <subStatus = reason_or_None>\nGoal <\"goalName\"> <\u201drobotName\u201d>\n<queuedDate> <queuedTime> <completedDate> <com-\npletedTime> <echoString>\nThe command returns the following for an in-progress item:\nqueuecancel cancelling <cancelType> <cancelValue> <echoString> from queue\nQueueUpdate: <id> <jobId> <priority> <status = Cancelling> <subStatus = reason_or_None>\nGoal <\"goalName\"> <\u201drobotName\u201d>\n<queuedDate> <queuedTime> <completedDate = None> <com-\npletedTime = None> <echoString>\nQueueUpdate: <id> <jobId> <priority> <status = Interrupted> <subStatus = reason_or_None>\nGoal <\"goalName\"> <\u201drobotName\u201d>\n<queuedDate> <queuedTime> <completedDate = None> <com-\npletedTime = None> <failedCount>\nQueueUpdate: <id> <jobId> <priority> <status = Cancelled> <subStatus = reason_or_None>\nGoal <\"goalName\"> <\u201drobotName\u201d>\n<queuedDate> <queuedTime> <completedDate> <com-\npletedTime> <failedCount>\nThe reported jobId was either provided as part of the request, or was autogenerated by the Enterprise Man-\nager software.\nAll failed counts are based on the jobId.\nFor details on the status conditions, see Status Conditions on page 51.",
    "details": "",
    "examples": "",
    "related_commands": "queryFaults Command (shortcut: qf) on page 204\nqueueDropoff Command (shortcut: qd) on page 215\nqueueMulti Command (shortcut: qm) on page 229\nqueuePickup Command (shortcut: qp) on page 233\nqueuePickupDropoff Command (shortcut: qpd) on page 236\nqueueQuery Command (shortcut: qq) on page 241\nqueueQuery Command (shortcut: qq) on page 241\nqueueShow Command (shortcut: qs) on page 247\nqueueShowCompleted Command (shortcut: qsc) on page 249\nqueueShowRobot Command (shortcut:\u00a0qsr) on page 251\nqueueShowRobot Command (shortcut:\u00a0qsr) on page 251",
    "source": "\nAdept ARCL Reference Guide, Updated: 2/19/2016",
    "page": "\nPage 214"
}