{
    "title": "queuePickupDropoff Command (shortcut: qpd)",
    "syntax": "queuePickupDropoff <goal1Name> <goal2Name> [priority1 or \"default\"] [priority2 or \"default\"]\n[jobId]",
    "usage_considerations": "This ARCL\u00a0command is available only on the Enterprise Manager.",
    "parameters": "The command parameters are described in the following table.\nFor details on the data types, see Data Types on page 48.\nParameter\nDefinition\ngoal1Name\nEnter the name of the goal where you want the mobile robot to go\nfor the pickup.\ngoal2Name\nEnter the name of the goal where you want the mobile robot to go\nfor the dropoff.\npriority1\nAn optional integer value that represents the priority of the pickup\nrequest. The higher the number, the sooner Enterprise Manager is\ngoing to service the item. The default priority is 10, which can be\nchanged in MobilePlanner.\npriority2\nAn optional integer value that represents the priority of the dropoff\nrequest. The higher the number, the sooner Enterprise Manager is\ngoing to service the item. The default priority is 20, which can be\nchanged in MobilePlanner.\njobId\nAn optional identifier for the specified job. You can use a com-\nbination of string characters and integers. The jobId is helpful in\ntracking the job. If nothing is entered, ARCL generates a random\njobId.",
    "responses": "The command returns the following information:\nqueuepickupdropoff goals <\"goal1\"> and <\"goal2\"> with priorities <priority1> and <pri-\nority2> ids <PICKUPid> and <DROPOFFid> jobId <jobId> successfully queued and linked to\njobId <jobid>\nThe PICKUPid and DROPOFFid are assigned by the system.\nAdept ARCL Reference Guide, Updated: 2/19/2016\nPage 236\nqueuePickupDropoff Command (shortcut: qpd)\nAssuming the command was successful, the status is displayed as follows:\nQueueUpdate: <id> <jobId> <priority> <status=Pending> <substatus=None> Goal <\u201dgoal1\u201d>\n<robotName>\n<queued date> <queued time> <completed date=None> <completed time=None>\n<failed count>\nQueueUpdate: <id> <jobId> <priority> <status=Pending> <substatus=ID_<id>> Goal <\u201dgoal2\u201d>\n<robotName>\n<queued date> <queued time> <completed date=None> <completed time=None>\n<failed count>\nQueueUpdate: <id> <jobId> <priority> <status=InProgress> <substatus=UnAllocated> Goal\n<\u201dgoal1\u201d>\n<robotName>\n<queued date> <queued time> <completed date=None> <completed time-\ne=None> <failed count>\nQueueUpdate: <id> <jobId> <priority> <status=InProgress> <substatus=Allocated> Goal\n<\u201dgoal1\u201d>\n<robotName>\n<queued date> <queued time> <completed date=None> <completed time-\ne=None> <failed count>\nQueueUpdate: <id> <jobId> <priority> <status=InProgress> <substatus=Driving> Goal\n<\u201dgoal1\u201d>\n<robotName>\n<queued date> <queued time> <completed date=None> <completed time-\ne=None> <failed count>\nQueueUpdate: <id> <jobId> <priority> <status=Completed> <substatus=None> Goal <\u201dgoal1\u201d>\n<robotName>\n<queued date> <queued time> <completed date> <completed time> <failed count>\nQueueUpdate: <id> <jobId> <priority> <status=InProgress> <substatus=UnAllocated> Goal\n<\u201dgoal2\u201d>\n<robotName>\n<queued date> <queued time> <completed date=None> <completed time-\ne=None> <failed count>\nQueueUpdate: <id> <jobId> <priority> <status=InProgress> <substatus=Allocated> Goal\n<\u201dgoal2\u201d>\n<robotName>\n<queued date> <queued time> <completed date=None> <completed time-\ne=None> <failed count>\nQueueUpdate: <id> <jobId> <priority> <status=InProgress> <substatus=Driving> Goal\n<\u201dgoal2\u201d>\n<robotName>\n<queued date> <queued time> <completed date=None> <completed time-\ne=None> <failed count>\nQueueUpdate: <id> <jobId> <priority> <status=Completed> <substatus=None> Goal <\u201dgoal2\u201d>\n<robotName>\n<queued date> <queued time> <completed date> <completed time> <failed count>\nThe reported jobId was either provided as part of the request, or was autogenerated by the Enterprise Man-\nager software.\nAll failed counts are based on the jobId.\nFor details on the status conditions, see Status Conditions on page 51.",
    "details": "The queuePickupDropoff command calls any available robot for a pick-up request and then tells it to go to a\nspecific goal for a dropoff. You must specify the goal names. You can optionally specify the priorities for each\ngoal and the job identifier. However, note that there is no robot specification parameter in this command\u2014\nit automatically chooses the most appropriate robot in the fleet, as determined by the selection criteria and\ntask requirements.",
    "examples": "The following example shows the queuepickupdropoff command with priority1 and priority2 values and a\njob identifier.\nAdept ARCL Reference Guide, Updated: 9:26:55 AM\nPage 237\nqueuePickupDropoff Command (shortcut: qpd)\nqueuepickupdropoff\n<PICKUPgoal_name> <DROPOFFgoal_name> [PICKUPpriority] [DROPOFFpri-\nority] [job_id]\nReturns:\nqueuepickupdropoff goals <\"PICKUPgoal\"> and <\"DROPOFFgoal\"> with priorities <PICKUPpri-\nority> and <DROPOFFpriority> ids <PICKUPid> and <DROPOFFid> job_id <jobid> successfully\nqueued\nQueueUpdate: <id> <job_id> <priority> <status=Pending> <substatus=None> Goal <\u201dgoal_\nname\u201d>\n<robot_name>\n<queued date> <queued time> <completed date=None> <completed time-\ne=None> <failed count>\nQueueUpdate: <id> <job_id> <priority> <status=InProgress> <substatus=None> Goal <\u201dgoal_\nname\u201d>\n<robot_name>\n<queued date> <queued time> <completed date=None> <completed time-\ne=None> <failed count>\nQueueUpdate: <id> <job_id> <priority> <status=Completed> <substatus=None> Goal <\u201dgoal_\nname\u201d>\n<robot_name>\n<queued date> <queued time> <completed date> <completed time>\n<failed count>\nQueueUpdate: <id> <job_id> <priority> <status=InProgress> <substatus=None> Goal <\u201dgoal_\nname\u201d>\n<robot_name>\n<queued date> <queued time> <completed date=None> <completed time-\ne=None> <failed count>\nQueueUpdate: <id> <job_id> <priority> <status=Completed> <substatus=None> Goal <\u201dgoal_\nname\u201d>\n<robot_name>\n<queued date> <queued time> <completed date> <completed time>\n<failed count>\nThe following example shows the queuepickupdropoff command being used to swap the payload on the\nrobot:\nqueuepickupdropoff x y\nqueuepickupdropoff goals \"x\" and \"y\" with priorities 10 and 20 ids PICKUP12 and\nDROPOFF13 job_id JOB12 successfully queued\nQueueUpdate: PICKUP12 JOB12 10 Pending None Goal \"x\" \"None\" 08/16/2012 14:32:54 None\nNone 0\nQueueUpdate: DROPOFF13 JOB12 20 Pending None Goal \"y\" \"None\" 08/16/2012 14:32:54 None\nNone 0\nQueueUpdate: PICKUP12 JOB12 10 InProgress UnAllocated Goal \"x\" \"Lynx1\" 08/16/2012\n14:32:54 None None 0\nqueuepickupdropoff y t\nqueuepickupdropoff goals \"y\" and \"t\" with priorities 10 and 20 ids PICKUP14 and\nDROPOFF15 job_id JOB14 successfully queued and linked to job_id JOB12\nQueueUpdate: PICKUP14 JOB14 10 Pending None Goal \"y\" \"Lynx1\" 08/16/2012 14:33:01 None\nNone 0\nQueueUpdate: DROPOFF15 JOB14 20 Pending None Goal \"t\" \"Lynx1\" 08/16/2012 14:33:01 None\nNone 0\nQueueUpdate: PICKUP12 JOB12 10 InProgress Allocated Goal \"x\" \"Lynx1\" 08/16/2012 14:32:54\nNone None 0\nQueueUpdate: PICKUP12 JOB12 10 InProgress Driving Goal \"x\" \"Lynx1\" 08/16/2012 14:32:54\nNone None 0\nQueueUpdate: PICKUP12 JOB12 10 Completed None Goal \"x\" \"Lynx1\" 08/16/2012 14:32:54\nAdept ARCL Reference Guide, Updated: 2/19/2016\nPage 238\nqueuePickupDropoff Command (shortcut: qpd)\n08/16/2012 14:33:15 0\nQueueUpdate: DROPOFF13 JOB12 20 InProgress UnAllocated Goal \"y\" \"Lynx1\" 08/16/2012\n14:32:54 None None 0\nQueueUpdate: DROPOFF13 JOB12 20 InProgress Allocated Goal \"y\" \"Lynx1\" 08/16/2012 14:32:54\nNone None 0\nQueueUpdate: DROPOFF13 JOB12 20 InProgress Driving Goal \"y\" \"Lynx1\" 08/16/2012 14:32:54\nNone None 0\nQueueUpdate: DROPOFF13 JOB12 20 Completed None Goal \"y\" \"Lynx1\" 08/16/2012 14:32:54\n08/16/2012 14:33:27 0\nQueueUpdate: PICKUP14 JOB14 10 Completed None Goal \"y\" \"Lynx1\" 08/16/2012 14:33:01\n08/16/2012 14:33:27 0\nQueueUpdate: DROPOFF15 JOB14 20 InProgress UnAllocated Goal \"t\" \"Lynx1\" 08/16/2012\n14:33:01 None None 0\nQueueUpdate: DROPOFF15 JOB14 20 InProgress Allocated Goal \"t\" \"Lynx1\" 08/16/2012 14:33:01\nNone None 0\nQueueUpdate: DROPOFF15 JOB14 20 InProgress Driving Goal \"t\" \"Lynx1\" 08/16/2012 14:33:01\nNone None 0\nQueueUpdate: DROPOFF15 JOB14 20 Completed None Goal \"t\" \"Lynx1\" 08/16/2012 14:33:01\n08/16/2012 14:33:35 0\nqueuepickupdropoff x y\nqueuepickupdropoff goals \"x\" and \"y\" with priorities 10 and 20 ids PICKUP12 and DROPOFF13\njob_id JOB12 successfully queued\nQueueUpdate: PICKUP12 JOB12 10 Pending None Goal \"x\" \"None\" 08/16/2012 14:32:54 None None\n0\nQueueUpdate: DROPOFF13 JOB12 20 Pending ID_PICKUP12 Goal \"y\" \"None\" 08/16/2012 14:32:54\nNone None 0\nQueueUpdate: PICKUP12 JOB12 10 InProgress UnAllocated Goal \"x\" \"Lynx1\" 08/16/2012\n14:32:54 None None 0\nqueuepickupdropoff y t\nqueuepickupdropoff goals \"y\" and \"t\" with priorities 10 and 20 ids PICKUP14 and DROPOFF15\njob_id JOB14 successfully queued and linked to job_id JOB12\nQueueUpdate: PICKUP14 JOB14 10 Pending ID_DROPOFF13 Goal \"y\" \"Lynx1\" 08/16/2012 14:33:01\nNone None 0\nQueueUpdate: DROPOFF15 JOB14 20 Pending ID_PICKUP14 Goal \"t\" \"Lynx1\" 08/16/2012 14:33:01\nNone None 0\nQueueUpdate: PICKUP12 JOB12 10 InProgress Allocated Goal \"x\" \"Lynx1\" 08/16/2012 14:32:54\nNone None 0\nQueueUpdate: PICKUP12 JOB12 10 InProgress Driving Goal \"x\" \"Lynx1\" 08/16/2012 14:32:54\nNone None 0\nQueueUpdate: PICKUP12 JOB12 10 Completed None Goal \"x\" \"Lynx1\" 08/16/2012 14:32:54\n08/16/2012 14:33:15 0\nQueueUpdate: DROPOFF13 JOB12 20 InProgress UnAllocated Goal \"y\" \"Lynx1\" 08/16/2012\n14:32:54 None None 0\nQueueUpdate: DROPOFF13 JOB12 20 InProgress Allocated Goal \"y\" \"Lynx1\" 08/16/2012 14:32:54\nNone None 0\nQueueUpdate: DROPOFF13 JOB12 20 InProgress Driving Goal \"y\" \"Lynx1\" 08/16/2012 14:32:54\nNone None 0\nQueueUpdate: DROPOFF13 JOB12 20 Completed None Goal \"y\" \"Lynx1\" 08/16/2012 14:32:54\n08/16/2012 14:33:27 0\nQueueUpdate: PICKUP14 JOB14 10 Completed None Goal \"y\" \"Lynx1\" 08/16/2012 14:33:01\n08/16/2012 14:33:27 0\nQueueUpdate: DROPOFF15 JOB14 20 InProgress UnAllocated Goal \"t\" \"Lynx1\" 08/16/2012\n14:33:01 None None 0\nQueueUpdate: DROPOFF15 JOB14 20 InProgress Allocated Goal \"t\" \"Lynx1\" 08/16/2012 14:33:01\nAdept ARCL Reference Guide, Updated: 9:26:55 AM\nPage 239\nqueuePickupDropoff Command (shortcut: qpd)\nNone None 0\nQueueUpdate: DROPOFF15 JOB14 20 InProgress Driving Goal \"t\" \"Lynx1\" 08/16/2012 14:33:01\nNone None 0\nQueueUpdate: DROPOFF15 JOB14 20 Completed None Goal \"t\" \"Lynx1\" 08/16/2012 14:33:01\n08/16/2012 14:33:35 0",
    "related_commands": "queryFaults Command (shortcut: qf) on page 204\nqueueCancel Command (shortcut: qc) on page 209\nqueueCancel Command (shortcut: qc) on page 209\nqueueDropoff Command (shortcut: qd) on page 215\nqueueMulti Command (shortcut: qm) on page 229\nqueuePickup Command (shortcut: qp) on page 233\nqueueQuery Command (shortcut: qq) on page 241\nqueueQuery Command (shortcut: qq) on page 241\nqueueShow Command (shortcut: qs) on page 247\nqueueShowCompleted Command (shortcut: qsc) on page 249\nqueueShowRobot Command (shortcut:\u00a0qsr) on page 251\nqueueShowRobot Command (shortcut:\u00a0qsr) on page 251",
    "source": "\nAdept ARCL Reference Guide, Updated: 2/19/2016",
    "page": "\nPage 240"
}