{
    "title": "queueShowRobotLocal Command (shortcut: qsrl)",
    "syntax": "queueshowrobotlocal [echo_string]",
    "usage_considerations": "This ARCL\u00a0command is only available on the robot.",
    "parameters": "",
    "responses": "",
    "details": "ARCL displays the following:\nQueueRobot: robot_name robot_status robot_substatus echostring",
    "examples": "The following example shows the queueShowRobotLocal command used to display the status and sub-\nstatus of the robot. It includes an optional message \"echoit\".\nqueueshowrobotlocal echoit\nQueueRobot: \u201cRobot1\u201d UnAvailable EStopPressed echoit\nEndQueueShowRobot",
    "related_commands": "queueCancel Command\nqueueDropoff command\nqueuePickup command\nqueuePickupDropoff command\nqueueQuery Command\nqueueShow command\nqueueShowRobot Command",
    "source": "\nAdept ARCL Reference Guide, Updated: 9:26:56 AM",
    "page": "\nPage 253"
}