{
    "title": "queueDropoff Command (shortcut: qd)",
    "syntax": "queueDropoff <goalName> [priority] [jobId]",
    "usage_considerations": "This ARCL\u00a0command is only available on the robot.\nARAM Settings\nIn order to use this feature, you have to explicitly enable it in the MobilePlanner software, by setting the\nEnterpriseQueuing argument in the Enterprise Features section of the Configuration > Enterprise tab.",
    "parameters": "The queueDropoff arguments are described in the table below.\nFor details on the data types, see Data Types on page 48.\nParameter\nDefinition\ngoalName\nEnter the name of the goal where you want the mobile robot to\nmake a delivery.\npriority\nEnter an optional integer value that represents the priority of the\ndropoff request. The higher the number, the sooner Enterprise Man-\nager is going to service the item. The default priority is 10, which\ncan be changed in MobilePlanner.\njobId\nEnter an optional identifier for the specified job. You can use a com-\nbination of string characters and integers. The jobId is helpful in\ntracking the job. If nothing is entered, ARCL generates a random\njobId.",
    "responses": "The command returns:\nqueuedropoff attempting to queue goal <goalName> <priority> <jobId>\nqueuedropoff goal <goalName> with priority <priority> id <id> and job_id <jobId> suc-\ncessfully queued\nQueueUpdate: <id> <jobId> <priority> <status> <substatus> Goal <goalName>\n<robotName>\n<queuedDate> <queuedTime> <completedDate> <completedTime> <failedCount>\u00a0\u00a0\u00a0\nThe reported jobId was either provided as part of the request, or was autogenerated by the Enterprise Man-\nager software.\nAdept ARCL Reference Guide, Updated: 9:26:54 AM\nPage 215\nqueueDropoff Command (shortcut: qd)\nAll failed counts are based on the jobId.\nFor details on the status conditions, see Status Conditions on page 51.",
    "details": "The queueDropoff command tells the mobile robot to go to a specified goal, typically to make a delivery.",
    "examples": "The following example shows a queuedropoff at goal x with priority 22, job_id y4rt.\nqueuedropoff x 22 y4rt\nqueuedropoff attempting to queue goal \"x\" with priority 22\nqueuedropoff goal \"x\" with priority 22, id DROPOFF18 and job_id y4rt successfully queued\nQueueUpdate: DROPOFF18 y4rt 22 Pending None Goal \"x\" \u201cMT-490\u201d 12/19/2011\n07:07:53 None\nNone 0\nGoing to X\nQueueUpdate: DROPOFF18 y4rt 22 InProgress UnAllocated Goal \"x\" \u201cMT-490\u201d 12/19/2011\n07:07:53 None None 0\nQueueUpdate: DROPOFF18 y4rt 22 InProgress Allocated Goal \"x\" \u201cMT-490\u201d 12/19/2011\n07:07:53 None None 0\nQueueUpdate: DROPOFF18 y4rt 22 InProgress BeforeDropoff Goal \"x\" \u201cMT-490\u201d 12/19/2011\n07:07:53 None None 0\nQueueUpdate: DROPOFF18 y4rt 22 InProgress BeforeEvery Goal \"x\" \u201cMT-490\u201d 12/19/2011\n07:07:53 None None 0\nQueueUpdate: DROPOFF18 y4rt 22 InProgress Before Goal \"x\" \u201cMT-490\u201d 12/19/2011\n07:07:53\nNone None 0\nQueueUpdate: DROPOFF18 y4rt 22 InProgress Driving Goal \"x\" \u201cMT-490\u201d 12/19/2011\n07:07:53\nNone None 0\nQueueUpdate: DROPOFF18 y4rt 22 InProgress After Goal \"x\" \u201cMT-490\u201d 12/19/2011\n07:07:53\nNone None 0\nQueueUpdate: DROPOFF18 y4rt 22 InProgress AfterEvery Goal \"x\" \u201cMT-490\u201d 12/19/2011\n07:07:53 None None 0\nQueueUpdate: DROPOFF18 y4rt 22 InProgress AfterPickup Goal \"x\" \u201cMT-490\u201d 12/19/2011\n07:07:53 None None 0\nArrived at X\nQueueUpdate: DROPOFF18 y4rt 22 Completed None Goal \"x\" \u201cMT-490\u201d 01/19/2011\n07:07:53\n01/19/2011\n07:08:07 0",
    "related_commands": "queueCancel Command (shortcut: qc) on page 209\nqueueCancel Command (shortcut: qc) on page 209\nqueuePickup Command (shortcut: qp) on page 233\nqueuePickupDropoff Command (shortcut: qpd) on page 236\nqueueQuery Command (shortcut: qq) on page 241\nqueueQuery Command (shortcut: qq) on page 241\nAdept ARCL Reference Guide, Updated: 2/19/2016\nPage 216\nqueueDropoff Command (shortcut: qd)\nqueueShow Command (shortcut: qs) on page 247\nqueueShowRobot Command (shortcut:\u00a0qsr) on page 251\nqueueShowRobot Command (shortcut:\u00a0qsr) on page 251",
    "source": "\nAdept ARCL Reference Guide, Updated: 9:26:54 AM",
    "page": "\nPage 217"
}