{
    "title": "queueModifyLocal Command (shortcut: qmodl)",
    "syntax": "queueModifyLocal <id> <type> <value>",
    "usage_considerations": "This ARCL\u00a0command is only available on the robot.\nBecause the queueModifyLocal command is only available on the robot, it assumes it applies only to the\nitems queued for that robot. This is a powerful difference (and feature) of the \"local\" version of the com-\nmand.\nARAM Settings\nIn order to use this feature, you have to explicitly enable it in the MobilePlanner software, by setting the\nEnterpriseQueuing argument in the Enterprise Features section of the Configuration > Enterprise tab.",
    "parameters": "The queueModifyLocal arguments are described in the table below.\nFor details on the data types, see Data Types on page 48.\nParameter\nDefinition\n<id>\nEnter the string id for the job segment you wish to modify (either\nPICKUPxx or DROPOFFxx)\n<type>\nEnter the type of modification. Valid types are:\nl goal = the goal identification\nl priority = the priority level\n<value>\nEnter the value that corresponds with the type used:\nFor goal, enter the goal identification, for example: goal_1\nFor priority, enter the priority level, for example: 10\nAdept ARCL Reference Guide, Updated: 2/19/2016\nPage 224\nqueueModifyLocal Command (shortcut: qmodl)",
    "responses": "Returns (for goal modify of a pending item)\nqueuemodify modifying id <id> goal <\u201dmodifiedGoal\u201d>\nQueueUpdate: <id> <jobId> <priority> BeforeModify None Goal <goal> \"None\" <queuedDate>\n<queuedTime> None None 0\nQueueUpdate: <id> <jobId> <priority> AfterModify None Goal <modifiedGoal> \"None\"\n<queuedDate> <queuedTime> None None 0\nQueueUpdate: <id> <jobId> <priority> Pending None Goal <modifiedGoal> \"None\" <queuedDate>\n<queuedTime> None None 0\nReturns (for priority modify of a pending item)\nqueuemodify modifying id <id> priority <modifiedpriority>\nQueueUpdate: <id> <jobId> <priority> BeforeModify None Goal <goal> \"None\" <queuedDate>\n<queuedTime> None None 0\nQueueUpdate: <id> <jobId> <modifiedPriority> AfterModify None Goal <goal> \"None\"\n<queuedDate> <queuedTime> None None 0\nQueueUpdate: <id> <jobId> <modifiedPriority> Pending None Goal <modifiedGoal> \"None\"\n<queuedDate> <queuedTime> None None 0\nReturns (for goal modify of an in-progress item)\nqueuemodify modifying id <id> goal <modifiedGoal>\nQueueUpdate: <id> <jobId> <priority> BeforeModify Driving Goal <goal> <robot>\n<queuedDate> <queuedTime> None None 0\nQueueUpdate: <id> <jobId> <priority> InterruptedByModify None Goal <goal> <robot>\n<queuedDate> <queuedTime> None None 0\nQueueUpdate: <id> <jobId> <priority> AfterModify None Goal <modifiedGoal> <robot>\n<queuedDate> <queuedTime> None None 0\nQueueUpdate: <id> <jobId> <priority> Pending None Goal <modifiedGoal> \"None\" <queuedDate>\n<queuedTime> None None 0\nReturns (for priority modify of an in-progress item)\nqueuemodify modifying id <id> priority <modifiedPriority>\nQueueUpdate: <id> <jobId> <priority> BeforeModify Driving Goal <goal> <robot>\n<queuedDate> <queuedTime> None None 0\nQueueUpdate: <id> <jobId> <priority> InterruptedByModify None Goal <goal> <robot>\n<queuedDate> <queuedTime> None None 0\nQueueUpdate: <id> <jobId> <modifiedPriority> AfterModify None Goal <goal> <robot>\n<queuedDate> <queuedTime> None None 0\nQueueUpdate: <id> <jobId> <modifiedPriority> Pending None Goal <goal> \"None\" <queuedDate>\n<queuedTime> None None 0\nThe reported jobId was either provided as part of the request, or was autogenerated by the Enterprise Man-\nager software.\nAll failed counts are based on the jobId.",
    "details": "The queueModifyLocal command allows modification of goal or priority values for job segments in these job\ntypes:\nAdept ARCL Reference Guide, Updated: 9:26:55 AM\nPage 225\nqueueModifyLocal Command (shortcut: qmodl)\nl Dropoffs\nl Swaps\nIt allows modification of segments in these states:\nl Pending job segments\nl InProgress jobs up to and including \u201cInProgress Driving\u201d, but not after\nChanging the priority for the first segment in a job may change the order in which it gets assigned.\nChanging the priority of other segments in the job will never change the order in which the job is assigned.\nThe queue time for a job will never be changed as a result of a queueModify command.\nChanging the shared goal in a swap will break the link between the two jobs. Changing the other goals in\nthe swap will not break the link.\nModified jobs will be candidates for swaps. The linking would occur immediately following the modify.",
    "examples": "Example #1 \u2013 goal modify of a pending item:\nqueuePickup t\nqueuePickup goal \"t\" with priority 10 id PICKUP5 and jobId JOB5 successfully queued\nQueueUpdate: PICKUP5 JOB5 10 Pending None Goal \"t\" \"None\" 03/25/2015 07:36:58 None None 0\nqueuemodify pickup5 goal w20\nqueuemodify modifying id pickup5 goal \"w20\"\nQueueUpdate: PICKUP5 JOB5 10 BeforeModify None Goal \"t\" \"None\" 03/25/2015 07:36:58 None None 0\nQueueUpdate: PICKUP5 JOB5 10 AfterModify None Goal \"w20\" \"None\" 03/25/2015 07:36:58 None None 0\nQueueUpdate: PICKUP5 JOB5 10 Pending None Goal \"w20\" \"None\" 03/25/2015 07:36:58 None None 0\nqueueDropoff y\nqueueDropoff attempting to queue goal \"y\" using default priority\nqueueDropoff goal \"y\" with priority 20 id DROPOFF6 and jobId JOB6 successfully queued\nQueueUpdate: DROPOFF6 JOB6 20 Pending None Goal \"y\" \"robotOne\" 03/25/2015 07:38:09 None None 0\nqueuemodifylocal dropoff6 goal x\nqueuemodifylocal modifying id dropoff6 goal \"x\"\nQueueUpdate: DROPOFF6 JOB6 20 BeforeModify None Goal \"y\" \"robotOne\" 03/25/2015 07:38:09 None None 0\nQueueUpdate: DROPOFF6 JOB6 20 AfterModify None Goal \"x\" \"robotOne\" 03/25/2015 07:38:09 None None 0\nQueueUpdate: DROPOFF6 JOB6 20 Pending None Goal \"x\" \"robotOne\" 03/25/2015 07:38:09 None None 0\nExample #2 \u2013 priority modify of a pending item:\nqueueDropoff w20\nqueueDropoff attempting to queue goal \"w20\" using default priority\nqueueDropoff goal \"w20\" with priority 20 id DROPOFF7 and jobId JOB7 successfully queued\nQueueUpdate: DROPOFF7 JOB7 20 Pending None Goal \"w20\" \"robotOne\" 03/25/2015 07:39:01 None None 0\nqueuemodifylocal dropoff7 priority 22\nqueuemodifylocal modifying id dropoff7 priority 22\nQueueUpdate: DROPOFF7 JOB7 20 BeforeModify None Goal \"w20\" \"robotOne\" 03/25/2015 07:39:01 None None 0\nQueueUpdate: DROPOFF7 JOB7 22 AfterModify None Goal \"w20\" \"robotOne\" 03/25/2015 07:39:01 None None 0\nQueueUpdate: DROPOFF7 JOB7 22 Pending None Goal \"w20\" \"robotOne\" 03/25/2015 07:39:01 None None 0\nqueuePickup v\nqueuePickup goal \"v\" with priority 10 id PICKUP8 and jobId JOB8 successfully queued\nAdept ARCL Reference Guide, Updated: 2/19/2016\nPage 226\nqueueModifyLocal Command (shortcut: qmodl)\nQueueUpdate: PICKUP8 JOB8 10 Pending None Goal \"v\" \"None\" 03/25/2015 07:40:24 None None 0\nqueuemodify pickup8 priority 6\nqueuemodify modifying id pickup8 priority 6\nQueueUpdate: PICKUP8 JOB8 10 BeforeModify None Goal \"v\" \"None\" 03/25/2015 07:40:24 None None 0\nQueueUpdate: PICKUP8 JOB8 6 AfterModify None Goal \"v\" \"None\" 03/25/2015 07:40:24 None None 0\nQueueUpdate: PICKUP8 JOB8 6 Pending None Goal \"v\" \"None\" 03/25/2015 07:40:24 None None 0\nExample #3 \u2013 goal modify of an inProgress item:\nqueuePickup x\nqueuePickup goal \"x\" with priority 10 id PICKUP9 and jobId JOB9 successfully queued\nQueueUpdate: PICKUP9 JOB9 10 Pending None Goal \"x\" \"None\" 03/25/2015 07:47:21 None None 0\nQueueUpdate: PICKUP9 JOB9 10 InProgress UnAllocated Goal \"x\" \"robotTwo\" 03/25/2015 07:47:21 None None 0\nQueueUpdate: PICKUP9 JOB9 10 InProgress Allocated Goal \"x\" \"robotTwo\" 03/25/2015 07:47:21 None None 0\nQueueUpdate: PICKUP9 JOB9 10 InProgress Driving Goal \"x\" \"robotTwo\" 03/25/2015 07:47:21 None None 0\nqueuemodify pickup9 goal y\nqueuemodify modifying id pickup9 goal \"y\"\nQueueUpdate: PICKUP9 JOB9 10 BeforeModify Driving Goal \"x\" \"robotTwo\" 03/25/2015 07:47:21 None None 0\nQueueUpdate: PICKUP9 JOB9 10 InterruptedByModify None Goal \"x\" \"robotTwo\" 03/25/2015 07:47:21 None None 0\nQueueUpdate: PICKUP9 JOB9 10 AfterModify None Goal \"y\" \"robotTwo\" 03/25/2015 07:47:21 None None 0\nQueueUpdate: PICKUP9 JOB9 10 Pending None Goal \"y\" \"None\" 03/25/2015 07:47:21 None None 0\nQueueUpdate: PICKUP9 JOB9 10 InProgress UnAllocated Goal \"y\" \"robotTwo\" 03/25/2015 07:47:21 None None 0\nQueueUpdate: PICKUP9 JOB9 10 InProgress Allocated Goal \"y\" \"robotTwo\" 03/25/2015 07:47:21 None None 0\nQueueUpdate: PICKUP9 JOB9 10 InProgress Driving Goal \"y\" \"robotTwo\" 03/25/2015 07:47:21 None None 0\nQueueUpdate: PICKUP9 JOB9 10 Completed None Goal \"y\" \"robotTwo\" 03/25/2015 07:47:21 03/25/2015 07:48:00 0\nExample #4 \u2013 priority modify of an inProgress item:\nqueuePickup t\nqueuePickup goal \"t\" with priority 10 id PICKUP10 and jobId JOB10 successfully queued\nQueueUpdate: PICKUP10 JOB10 10 Pending None Goal \"t\" \"None\" 03/25/2015 07:49:34 None None 0\nQueueUpdate: PICKUP10 JOB10 10 InProgress UnAllocated Goal \"t\" \"robotTwo\" 03/25/2015 07:49:34 None None 0\nQueueUpdate: PICKUP10 JOB10 10 InProgress Allocated Goal \"t\" \"robotTwo\" 03/25/2015 07:49:34 None None 0\nQueueUpdate: PICKUP10 JOB10 10 InProgress Driving Goal \"t\" \"robotTwo\" 03/25/2015 07:49:34 None None 0\nqueuemodify pickup10 priority 13\nqueuemodify modifying id pickup10 priority 13\nQueueUpdate: PICKUP10 JOB10 10 BeforeModify Driving Goal \"t\" \"robotTwo\" 03/25/2015 07:49:34 None None 0\nQueueUpdate: PICKUP10 JOB10 10 InterruptedByModify None Goal \"t\" \"robotTwo\" 03/25/2015 07:49:34 None None 0\nQueueUpdate: PICKUP10 JOB10 13 AfterModify None Goal \"t\" \"robotTwo\" 03/25/2015 07:49:34 None None 0\nQueueUpdate: PICKUP10 JOB10 13 Pending None Goal \"t\" \"None\" 03/25/2015 07:49:34 None None 0\nQueueUpdate: PICKUP10 JOB10 13 InProgress UnAllocated Goal \"t\" \"robotTwo\" 03/25/2015 07:49:34 None None 0\nQueueUpdate: PICKUP10 JOB10 13 InProgress Allocated Goal \"t\" \"robotTwo\" 03/25/2015 07:49:34 None None 0\nQueueUpdate: PICKUP10 JOB10 13 InProgress Driving Goal \"t\" \"robotTwo\" 03/25/2015 07:49:34 None None 0\nQueueUpdate: PICKUP10 JOB10 13 Completed None Goal \"t\" \"robotTwo\" 03/25/2015 07:49:34 03/25/2015 07:49:46 0",
    "related_commands": "queueCancel Command (shortcut: qc) on page 209\nqueueCancel Command (shortcut: qc) on page 209\nqueuePickup Command (shortcut: qp) on page 233\nqueuePickupDropoff Command (shortcut: qpd) on page 236\nAdept ARCL Reference Guide, Updated: 9:26:55 AM\nPage 227\nqueueModifyLocal Command (shortcut: qmodl)\nqueueMulti Command (shortcut: qm) on page 229\nqueueQuery Command (shortcut: qq) on page 241\nqueueQuery Command (shortcut: qq) on page 241\nqueueShow Command (shortcut: qs) on page 247\nqueueShowRobot Command (shortcut:\u00a0qsr) on page 251\nqueueShowRobot Command (shortcut:\u00a0qsr) on page 251\nqueryFaults Command (shortcut: qf) on page 204",
    "source": "\nAdept ARCL Reference Guide, Updated: 2/19/2016",
    "page": "\nPage 228"
}