{
    "title": "queueQuery Command (shortcut: qq)",
    "syntax": "queueQuery <type> <value> [echoString]",
    "usage_considerations": "This ARCL\u00a0command is available only on the Enterprise Manager.",
    "parameters": "The command parameters are described in the following table.\nFor details on the data types, see Data Types on page 48.\nParameter\nDefinition\ntype\nEnter the type of job. Valid types are:\nl id = the pickup or dropoff identification\nl jobId = the job identification\nl robotName = the robot name\nl status = the item status.\nvalue\nEnter the value that corresponds with the type used:\nFor id, enter the pickup or dropoff identification, for example:\nPICKUP2\nFor jobid, enter the job identification, for example: JOB2\nFor robotname, enter the robot name, for example: robot_34\nFor status, enter one of the following values:\nl inprogress = queries a job with an InProgress status.\nl pending = queries a job with a Pending status.\nl interrupted = queries a job with an Interrupted status.\nl completed = queries a job with a Completed status.\nl cancelled = queries a job with a Cancelled status.\nl failed = queries a job with a Failed status.\nechoString\nAn optional string that is appended to each line of the results.",
    "responses": "The command returns the following for a pending item:\nAdept ARCL Reference Guide, Updated: 9:26:55 AM\nPage 241\nqueueQuery Command (shortcut: qq)\nQueueQuery: <id> <jobId> <priority> <status> <substatus> Goal <\"goalName\"> <robotName>\n<queued date> <queued time> <completed date> <completed time> <echostring> <failed\ncount>\u00a0\nEndQueueQuery\u00a0\u00a0\nThe returned items will be displayed by priority, as shown in the Examples. If, for example, dropoff priority\nis 20 and pickup priority is 10, the dropoff items will be displayed before the pickup items.",
    "details": "The queueQuery command is used to view the status of the job queue. The queue can be queried by type\n(such as the robot name or job identification) or by the job status.\nThe reported jobId was either provided as part of the request, or was autogenerated by the Enterprise Man-\nager software.\nAll failed counts are based on the jobId.\nAn optional string can be specified, which will be appended to each line of the results.\nFor details on the status conditions, see Status Conditions on page 51.",
    "examples": "The following example shows the status of the completed jobs in the queue.\nqueuequery status completed xyz\nQueueQuery: DROPOFF18 y4rt 22 Completed None Goal \"x\" \u201cMT-490\u201d 12/19/2011 07:07:53\n12/19/2011\n07:08:07 xyz 0\nQueueQuery: DROPOFF16 abc 20 Completed None Goal \"x\" \u201cMT-490\u201d 12/19/2011\n07:06:00\n12/19/2011\n07:06:16 xyz 0\nQueueQuery: DROPOFF17 JOB17 20 Completed None Goal \"z\" \u201cMT-490\u201d 12/19/2011\n07:06:21\n12/19/2011\n07:06:35 xyz 0\nQueueQuery: DROPOFF19 yyy 20 Completed None Goal \"x\" \u201cMT-490\u201d 12/19/2011\n07:08:49\n12/19/2011\n07:08:49 xyz 0\nQueueQuery: DROPOFF20 yyy 20 Completed None Goal \"x\" \u201cMT-490\u201d 12/19/2011\n07:09:08\n12/19/2011\n07:09:09 xyz 1\nQueueQuery: DROPOFF21 JOB21 20 Completed None Goal \"x\" \u201cMT-490\u201d 12/19/2011\n07:09:33\n12/19/2011\n07:09:34 xyz 0\nQueueQuery: PICKUP12 xyz 11 Completed None Goal \"t\" \u201cMT-490\u201d 12/19/2011\n06:53:51\n12/19/2011\n06:54:02 xyz 5\nQueueQuery: PICKUP13 xyz 11 Completed None Goal \"z\" \u201cAdept_Telepresence_Robot\u201d\n12/19/2011\n06:54:18 12/19/2011\n06:54:34 xyz 0\nEndQueueQuery",
    "related_commands": "queryFaults Command (shortcut: qf) on page 204\nqueueCancel Command (shortcut: qc) on page 209\nqueueCancel Command (shortcut: qc) on page 209\nAdept ARCL Reference Guide, Updated: 2/19/2016\nPage 242\nqueueQuery Command (shortcut: qq)\nqueueDropoff Command (shortcut: qd) on page 215\nqueueMulti Command (shortcut: qm) on page 229\nqueuePickup Command (shortcut: qp) on page 233\nqueuePickupDropoff Command (shortcut: qpd) on page 236\nqueueShow Command (shortcut: qs) on page 247\nqueueShowCompleted Command (shortcut: qsc) on page 249\nqueueShowRobot Command (shortcut:\u00a0qsr) on page 251\nqueueShowRobot Command (shortcut:\u00a0qsr) on page 251",
    "source": "\nAdept ARCL Reference Guide, Updated: 9:26:55 AM",
    "page": "\nPage 243"
}