{
    "title": "queuePickup Command (shortcut: qp)",
    "syntax": "queuePickup <goalName> [priority or \"default\"] [jobId]",
    "usage_considerations": "This ARCL\u00a0command is available only on the Enterprise Manager.\nARAM Settings\nIn order to use this feature, you have to explicitly enable it in the MobilePlanner software, by setting the\nEnterpriseQueuing argument in the Enterprise Features section of the Configuration > Enterprise tab.",
    "parameters": "The command parameters are described in the following table.\nFor details on the data types, see Data Types on page 48.\nParameter\nDefinition\ngoalName\nEnter the name of the goal where you want the mobile robot to go\nfor the pickup.\npriority\nAn optional integer value that represents the priority of the pickup\nrequest. The higher the number, the sooner Enterprise Manager is\ngoing to service the item. The default priority is 10, which can be\nchanged in MobilePlanner.\njobId\nAn optional identifier for the specified job. You can use a com-\nbination of string characters and integers. The jobId is helpful in\ntracking the job. If nothing is entered, ARCL generates a random\njobId.",
    "responses": "The command returns the following information:\nqueuepickup goal \"goalName\" with priority [priority] id (id) and jobId [jobid] suc-\ncessfully queued\nAssuming the command was successful, the status of the robot is displayed:\nQueueUpdate: <id> <jobId> <priority> <status = Pending> <substatus = None> Goal\n<\u201dgoalName\u201d> <assigned robotName = None>\n<queuedDate>\n<queuedTime> <completedDate =\nNone> <completedTime = None> <failedCount>\nAdept ARCL Reference Guide, Updated: 9:26:55 AM\nPage 233\nqueuePickup Command (shortcut: qp)\nQueueUpdate: <id> <jobId> <priority> <status = InProgress> <substatus = None> Goal\n<\u201dgoalName\u201d> <\u201drobotName\u201d>\n<queuedDate>\n<queuedTime> <completedDate = None> <com-\npletedTime = None> <failedCount>\nQueueUpdate: <id> <jobId> <priority> <status = Completed> <substatus = None> Goal\n<\u201dgoalName\u201d> <\u201drobotName\u201d>\n<queuedDate> <queuedTime> <completedDate> <completedTime>\n<failedCount>\nThe reported jobId was either provided as part of the request, or was autogenerated by the Enterprise Man-\nager software.\nAll failed counts are based on the jobId.\nFor details on the status conditions, see Status Conditions on page 51.",
    "details": "The queuePickup command calls any available robot for a pick up request. When the job is at the top of the\nqueue, the mobile robot drives to the specified goal.\nIf multiple robots are available for the pickup request, the Enterprise Manager determines which robot\nanswers the request based on such factors as which robot is closest to the goal, how long it has been idle,\nand its charge state. You can also enter a priority value: the higher the number, the higher the priority.",
    "examples": "The following example shows a queuePickup at goal z with priority 11 and job_id xyz.\nqueuepickup z 11 xyz\nqueuepickup goal \"z\" with priority 11, id PICKUP13 and job_id xyz successfully queued\nQueueUpdate: PICKUP13 xyz 11 Pending None Goal \"z\" none 12/19/2011 06:54:18 None None 0\nQueueUpdate: PICKUP13 xyz 11 InProgress UnAllocated\nGoal \"z\" \u201cAdept_Telepresence_Robot\u201d\n12/19/2011 06:54:18 None None 0\nQueueUpdate: PICKUP13 xyz 11 InProgress Allocated\nGoal \"z\" \u201cAdept_Telepresence_Robot\u201d\n12/19/2011 06:54:18 None None 0\nQueueUpdate: PICKUP13 xyz 11 InProgress BeforePickup Goal \"z\" \u201cAdept_Telepresence_Robot\u201d\n12/19/2011\n06:54:18 None None 0\nQueueUpdate: PICKUP13 xyz 11 InProgress BeforeEvery Goal \"z\" \u201cAdept_Telepresence_Robot\u201d\n12/19/2011\n06:54:18 None None 0\nQueueUpdate: PICKUP13 xyz 11 InProgress Before Goal \"z\" \u201cAdept_Telepresence_Robot\u201d\n12/19/2011\n06:54:18 None None 0\nQueueUpdate: PICKUP13 xyz 11 InProgress Driving Goal \"z\" \u201cAdept_Telepresence_Robot\u201d\n12/19/2011\n06:54:18 None None 0\nQueueUpdate: PICKUP13 xyz 11 InProgress After Goal \"z\" \u201cAdept_Telepresence_Robot\u201d\n12/19/2011\n06:54:18 None None 0\nQueueUpdate: PICKUP13 xyz 11 InProgress AfterEvery Goal \"z\" \u201cAdept_Telepresence_Robot\u201d\n12/19/2011\n06:54:18 None None 0\nQueueUpdate: PICKUP13 xyz 11 InProgress AfterPickup\nGoal \"z\" \u201cAdept_Telepresence_Robot\u201d\n12/19/2011 06:54:18 None None 0\nQueueUpdate: PICKUP13 xyz 11 Completed None Goal \"z\" \u201cAdept_Telepresence_Robot\u201d\n12/19/2011\n06:54:18 12/19/2011\n06:54:34 0\nAdept ARCL Reference Guide, Updated: 2/19/2016\nPage 234\nqueuePickup Command (shortcut: qp)",
    "related_commands": "queryFaults Command (shortcut: qf) on page 204\nqueueCancel Command (shortcut: qc) on page 209\nqueueCancel Command (shortcut: qc) on page 209\nqueueDropoff Command (shortcut: qd) on page 215\nqueueMulti Command (shortcut: qm) on page 229\nqueuePickupDropoff Command (shortcut: qpd) on page 236\nqueueQuery Command (shortcut: qq) on page 241\nqueueQuery Command (shortcut: qq) on page 241\nqueueShow Command (shortcut: qs) on page 247\nqueueShowCompleted Command (shortcut: qsc) on page 249\nqueueShowRobot Command (shortcut:\u00a0qsr) on page 251\nqueueShowRobot Command (shortcut:\u00a0qsr) on page 251",
    "source": "\nAdept ARCL Reference Guide, Updated: 9:26:55 AM",
    "page": "\nPage 235"
}