{
    "title": "quit Command",
    "syntax": "rangeDeviceList",
    "usage_considerations": "This ARCL\u00a0command is available on the robot and Enterprise Manager.",
    "parameters": "This command does not have any parameters.",
    "responses": "The command returns:\nClosing connection",
    "details": "The quit command closes the ARCL client-server connection. It only closes the connection; it does not\nshut down the server. To do that, use the shutDownServer command. For details, see shutDownServer\nCommand.",
    "examples": "quit\nThe command returns:\nClosing connection",
    "related_commands": "shutdown Command on page 275\nshutDownServer Command\nstop Command on page 278",
    "source": "\nAdept ARCL Reference Guide, Updated: 2/19/2016",
    "page": "\nPage 254"
}