{
    "title": "rangeDeviceList Command",
    "syntax": "rangeDeviceList",
    "usage_considerations": "This ARCL\u00a0command is only available on the robot.\nARAM Settings\nFor custom sensors: This command requires the addition of the \"-customSensor <name>\" argument to\nthe Custom Arguments section of the Configuration > Debug tab in the MobilePlanner software. For\ndetails, see the Adept Motivity Software User's Guide.",
    "parameters": "This command does not have any parameters.",
    "responses": "The command returns:\nRangeDevice: <name> <type>\nRangeDevice: <name> <icon> <RGB primary> <RGB secondary> <size mm> <layer> <defaultOn or\ndefaultOff>\nRangeDeviceCumulativeDrawingData:\u201d <name> <icon> <RGB primary> <RGB secondary> <size mm>\n<layer> <defaultOn or defaultOff>\n...\nEndOfRangeDeviceList",
    "details": "The rangeDeviceList command returns a list of the range (sensor) devices available in the current map. It\nalso provides details about each device on the list. For details on the information returned, see the\nResponses section.",
    "examples": "rangeDeviceList\nThe command returns:\nRangeDevice: switchableForbidden LOCATION_DEPENDENT\nRangeDeviceCurrentDrawingData: switchableForbidden polyDots 0xf9bd30 0x000000 35 73\nDefaultOff\nRangeDeviceCumulativeDrawingData: switchableForbidden polyDots 0x8b6305 0x0 50 60\nDefaultOff\nAdept ARCL Reference Guide, Updated: 9:26:56 AM\nPage 259\nrangeDeviceList Command\nRangeDevice: Single_Robot_Sector LOCATION_DEPENDENT\nRangeDeviceCurrentDrawingData: Single_Robot_Sector polyDots 0xd00000 0x000000 33 74\nDefaultOff\nRangeDevice: multiRobotCentral LOCATION_DEPENDENT\nRangeDeviceCurrentDrawingData: multiRobotCentral polyDots 0x7d7d00 0x000000 100 72\nDefaultOff\nRangeDeviceCumulativeDrawingData: multiRobotCentral polyDots 0x7d007d 0x0 100 72\nDefaultOff\nRangeDevice: ARCL_GlobalCustomSensor NONE\nRangeDeviceCurrentDrawingData: ARCL_GlobalCustomSensor polyDots 0xc5996c 0x000000 40 78\nDefaultOn\nRangeDevice: ARCL_CustomSensor NONE\nRangeDeviceCurrentDrawingData: ARCL_CustomSensor polyDots 0xe9d324 0x000000 40 78\nDefaultOn\nRangeDevice: forbidden LOCATION_DEPENDENT\nRangeDevice: irs NONE\nRangeDeviceCurrentDrawingData: irs polyArrows 0xffff00 0x000000 120 80 DefaultOn\nRangeDevice: bumpers NONE\nRangeDeviceCurrentDrawingData: bumpers polyDots 0x000000 0x000000 120 83 DefaultOn\nRangeDevice: sonar NONE\nRangeDeviceCurrentDrawingData: sonar polyArrows 0x33ccff 0x000000 200 70 DefaultOn\nRangeDevice: sim_lms2xx_1 LASER\nRangeDeviceCurrentDrawingData: sim_lms2xx_1 polyDots 0x0000ff 0x000000 80 75 DefaultOn\nRangeDeviceCumulativeDrawingData: sim_lms2xx_1 polyDots 0x7f 0x0 110 60 DefaultOn\nEndOfRangeDeviceList",
    "related_commands": "customReadingAdd Command on page 96\ncustomReadingAddAbsolute Command on page 94\ncustomReadingsClear Command on page 98\nrangeDeviceGetCumulative Command on page 255\nrangeDeviceGetCurrent Command on page 257\nrangeDeviceList Command on page 259",
    "source": "\nAdept ARCL Reference Guide, Updated: 2/19/2016",
    "page": "\nPage 260"
}