{
    "title": "rangeDeviceGetCumulative Command",
    "syntax": "rangeDeviceGetCumulative <name>",
    "usage_considerations": "This ARCL\u00a0command is only available on the robot.\nThis parameter is case-sensitive.\nThe robot may not sense anything if operated in an open area, and then it would not provide cumulative\nreadings.\nARAM Settings\nFor custom sensors: This command requires the addition of the \"-customSensor <name>\" argument to\nthe Custom Arguments section of the Configuration > Debug tab in the MobilePlanner software. For\ndetails, see the Adept Motivity Software User's Guide.",
    "parameters": "The command parameters are described in the following table.\nParameters\nDefinition\nname\nEnter a string that represents the name for the device. This para-\nmeter is case-sensitive.",
    "responses": "The command returns:\nRangeDeviceGetCumulative: <name> <series of X and Y points>",
    "details": "The rangeDeviceGetCumulative command returns persistent readings from the named ranging sensor.\nThis parameter is case-sensitive.\nThe X-Y coordinates are map points (in mm) for center of a polyDot or tip of a polyArrow, which display-\naligns toward the center of the robot.\nNote that not all sensors provide cumulative readings. For example, custom sensors do not provide cumu-\nlative readings. Lasers are the main sensors that provide cumulative readings that are useful. You can use\nthe rangeDeviceList command to identify the sensors that provide cumulative readings. If there is no\nAdept ARCL Reference Guide, Updated: 9:26:56 AM\nPage 255\nrangeDeviceGetCumulative Command\n<rangeDeviceName>CumulativeDrawingData listed for a sensor, then that sensor doesn't provide cumu-\nlative readings.\nThe robot may not sense anything if operated in an open area, and then it would not provide cumulative\nreadings.",
    "examples": "The following command returns the cumulative readings for the device \"sim_lms2xx_1\":\nrangedevicegetcumulative sim_lms2xx_1\nThe command returns:\nRangeDeviceGetCumulative: sim_lms2xx_1\n-15600 10684\n-15016 10609\n-14464 10603\n-14712 10921\n-14177 10706\n-11343 10444\n-14834 10722\n-12696 10659\n-12485 10621\n-12056 10621\n-11838 10643\n-11630 10706\n-10364 10667\n-14471 10944\n-10820 11366\n-11315 10683\n-13950 10689\n-13739 10693\n-13525 10692\n-13309 10697\n-12256 10622\n-12898 10701\n-13103 10700\n-15254 10706\n-15048 10937\n-15041 11165\n-15162 11555",
    "related_commands": "customReadingAdd Command on page 96\ncustomReadingAddAbsolute Command on page 94\ncustomReadingsClear Command on page 98\nrangeDeviceGetCumulative Command on page 255\nrangeDeviceGetCurrent Command on page 257\nrangeDeviceList Command on page 259",
    "source": "\nAdept ARCL Reference Guide, Updated: 2/19/2016",
    "page": "\nPage 256"
}