{
    "title": "rangeDeviceGetCurrent Command",
    "syntax": "rangeDeviceGetCurrent <name>",
    "usage_considerations": "This ARCL\u00a0command is only available on the robot.\nThis parameter is case-sensitive.\nARAM Settings\nFor custom sensors: This command requires the addition of the \"-customSensor <name>\" argument to\nthe Custom Arguments section of the Configuration > Debug tab in the MobilePlanner software. For\ndetails, see the Adept Motivity Software User's Guide.",
    "parameters": "The command parameters are described in the following table.\nParameters\nDefinition\nname\nEnter a string that represents the name for the device. This para-\nmeter is case-sensitive.",
    "responses": "The command returns:\nRangeDeviceGetCurrent: <name> <series of X and Y points>",
    "details": "The rangeDeviceGetCurrent command returns only active (current) detection readings from the named\nranging sensor. This parameter is case-sensitive.\nTo get the cumulative readings from a range device, use the rangeDeviceGetCumulative command. For\ndetails, see rangeDeviceGetCumulative Command on page 255.\nThe X-Y coordinates are map points (in mm) for the center of a polyDot or tip of the polyArrow, which dis-\nplay-aligns toward the center of the robot.",
    "examples": "The following command returns the current reading for the device \"ARCL_CustomSensor\":\nrangedevicegetcurrent ARCL_CustomSensor\nAdept ARCL Reference Guide, Updated: 9:26:56 AM\nPage 257\nrangeDeviceGetCurrent Command\nThe command returns:\nRangeDeviceGetCurrent: ARCL_CustomSensor\n-2004 6921",
    "related_commands": "customReadingAdd Command on page 96\ncustomReadingAddAbsolute Command on page 94\ncustomReadingsClear Command on page 98\nrangeDeviceGetCumulative Command on page 255\nrangeDeviceGetCurrent Command on page 257\nrangeDeviceList Command on page 259",
    "source": "\nAdept ARCL Reference Guide, Updated: 2/19/2016",
    "page": "\nPage 258"
}