{
    "title": "say Command",
    "syntax": "say <text_string>",
    "usage_considerations": "This ARCL\u00a0command is only available on the robot.",
    "parameters": "The command parameters are described in the following table.\nParameter\nDefinition\nstring\nEnter the text string that you want the mobile robot to say. Quotes\nare optional.",
    "responses": "The command returns:\nSaying <text_string>",
    "details": "Allows you to have the mobile robot speak and then wait until it is finished before continuing on the route.\nThe say command is equivalent to the sayInstant task, which generates text-to-speech to the robot\u2019s\naudio output, if enabled.\nTo have the robot play a sound (.wav) file, use the play command. For details, see play Command on page\n199.",
    "examples": "The following example commands the robot to say \"hello\":\nsay \"hello\"\nSaying \"hello\"",
    "related_commands": "play Command on page 199",
    "source": "\nAdept ARCL Reference Guide, Updated: 9:26:56 AM",
    "page": "\nPage 261"
}