{
    "title": "scanStop Command",
    "syntax": "scanStop",
    "usage_considerations": "This ARCL\u00a0command is only available on the robot.\nThe command can only be used while a scan is running.",
    "parameters": "This command does not have any parameters.",
    "responses": "",
    "details": "",
    "examples": "To stop the scan that's currently running, enter:\nscanstop\nThe command returns:\nStopping scan 'testscan'\nScanning: Stopped scan 'testscan'",
    "related_commands": "scanAddGoal Command on page 262\nscanAddInfo Command on page 264\nscanAddTag Command on page 267\nscanStart Command on page 269",
    "source": "\nAdept ARCL Reference Guide, Updated: 9:26:56 AM",
    "page": "\nPage 271"
}