{
    "title": "scanStart Command",
    "syntax": "scanStart <name>",
    "usage_considerations": "This ARCL\u00a0command is only available on the robot.\nOnly one scan can be running.",
    "parameters": "The command parameters are described in the following table.\nParameters\nDefinition\nname\nEnter a string that will represent the name for the scan.",
    "responses": "The command returns information:\nStarting scan '<name>'\nScanning: Started scan '<name>'",
    "details": "The scanStart command initiates scanning mode with the specified 2d file name. Only one scan can be act-\nive at a time. To stop the scan, use the scanStop command. For details, see scanStop Command on page\n271.",
    "examples": "To start a scan named \"testscan\", enter:\nscanstart testscan\nThe command returns:\nStarting scan 'testscan'\nScanning: Started scan 'testscan'",
    "related_commands": "scanAddGoal Command on page 262\nAdept ARCL Reference Guide, Updated: 9:26:56 AM\nPage 269\nscanStart Command\nscanAddInfo Command on page 264\nscanAddTag Command on page 267\nscanStop Command on page 271",
    "source": "\nAdept ARCL Reference Guide, Updated: 2/19/2016",
    "page": "\nPage 270"
}