{
    "title": "scanAddInfo Command",
    "syntax": "scanaddinfo <LogInfo:type> <Name=string> <Label=string> <Desc=string> [Size =integer]\n[IsData=integer] [Vis=mode] [FtSize=size] [Colorn=value] [Shape=shape]",
    "usage_considerations": "This ARCL\u00a0command is only available on the robot.\nAll parameter labels must be included, for example: LogInfo:GoalType Name=Newgoal Label=\"New Goal\"\nDesc=\"This is a goal\", etc.\nThe command can only be used while a scan is running.\nAll of fields and type names in the map file are case sensitive; if the case is wrong they are ignored.\nUnknown fields are ignored.\nThe objects are informational-only (they do not contain any position), versus those added by the scanAd-\ndTag command, which are position-corrected. For details, see scanAddTag Command on page 267.\nARAM Settings\nThis ARCL\u00a0command is only available on the robot.",
    "parameters": "The command parameters are described in the following table.\nAdept ARCL Reference Guide, Updated: 2/19/2016\nPage 264\nscanAddInfo Command\nParameter\nDefinition\nLogInfo:type\nRequired. This defines the type of information you want to add. Valid type\nentries are:\nl GoalType\nl LocationType\nl SectorType\nGoalType markers are goals that can be driven to and appear in the map. Loca-\ntionType and SectorType markers also appear in the map, but cannot be\ndriven to. GoalType markers must have a unique name, LocationType and\nSectorType do not.\nName=string\nRequired. Enter a text string that represents the name of the type that is\nbeing defined.\nLabel=string\nRequired. Enter a text string that represents the label that is displayed for the\ntype in popup menus, etc.\nDesc=string\nRequired. Enter a text string that represents the description of the type that\nis displayed in tool tips, etc.\nSize=integer\nEnter an integer that represents the width/height (square) in mm of the\nmarker\u2019s display icon in the map.\nIsData=integer\nOptional. Enter a 1 or 0. The default value is 0.\nSet IsData to 1 to have the related markers carried over with an \u2018insert map\u2019.\nVis=mode\nThe default setting is DefaultOn. Valid modes are:\nl AlwaysOn\nl AlwaysOff\nl DefaultOn\nl DefaultOff\nCurrently supported for IsData=1 markers only, specifies marker visibility. Go\nto the Map:Data menu in MobileEyes or MobilePlanner to change their vis-\nibility in the map display.\nFtSize=size\nOptional. Enter an integer that represents the point size for the marker\u2019s label\nand description font. If the font is scaled, then express the point size in mm\nand it must be a multiple of 100. If the font is fixed, express the point size in\npixels.\nColorn=value\nOptional. For n, enter an integer from 0 - 2.\nFor value, enter a color value which defines the marker\u2019s map-display icon col-\nors. The color value is a six digit hexadecimal number (hence, the \u20180x\u2019 prefix).\nThe first two digits give the red component, followed by two digits for green\nand two digits for blue. For example:\nl 0xFF0000 is bright red\nl 0x888888 is medium gray\nAdept ARCL Reference Guide, Updated: 9:26:56 AM\nPage 265\nscanAddInfo Command\nParameter\nDefinition\nShape=shape\nOptional. Shape of the marker\u2019s map-display icon. The default setting is Plain.\nValid shapes are:\nl Plain: The default shape, typically a filled square\nl Cross: A cross shape\nl Triangle: A triangle shape\nl Hbars: A square shape containing horizontal bars or stripes\nl Vbars: A square shape containing vertical bars or stripes\nl T: A \"T\"\u00a0shape\nl U: A\u00a0\"U\" shape",
    "responses": "The command returns the new object information:\nmapAddInfo: Added info 'LogInfo:type Name=string Label=string Desc=string Colorn=value\nIsData=integer Vis=mode FtSize=size Shape=shape'",
    "details": "Adds an information line (a description, typically defining a custom object) to the beginning of the map for\nlater reference.\nThis command only describes the object, it does not actually add any objects. That is done with the add\nScanTag command. For details, see scanAddTag Command on page 267.\nThis command can only be used after a scan is started with the scanStart command. For details on starting\na scan, see scanStart Command on page 269.",
    "examples": "The following example adds a description of a custom LocationType object named \"SensorReading\":\nscanAddInfo LogInfo:LocationType Name=SensorReading Label=\u201dSensor reading\u201d Desc=\u201dA\n\u00a0\u00a0\u00a0\u00a0\u00a0\u00a0\u00a0\u00a0\u00a0\u00a0sensor reading\u201d Color=0x5500EE IsData=1 Vis=DefaultOn Shape=Cross\u00a0\u00a0\nThe command returns:\nmapAddInfo: Added info 'LogInfo:LocationType Name=SensorReading Label= A sensor reading.\n\u00a0\u00a0\u00a0\u00a0\u00a0\u00a0\u00a0\u00a0\u00a0Desc=.Blobs of paint. Color=0x5500EE IsData=1 Vis=DefaultOn Shape=Cross'",
    "related_commands": "scanAddGoal Command on page 262\nscanAddTag Command on page 267\nscanStart Command on page 269\nscanStop Command on page 271",
    "source": "\nAdept ARCL Reference Guide, Updated: 2/19/2016",
    "page": "\nPage 266"
}