{
    "title": "scanAddTag Command",
    "syntax": "scanAddTag cairn:<name> [label] [icon_type] [description]",
    "usage_considerations": "This ARCL\u00a0command is only available on the robot.\nThe command can only be used while a scan is running.\nThe objects are position-corrected, versus those added by the scanAddInfo command, which contain no pos-\nition information. For details, see scanAddInfo Command on page 264.\nARAM Settings\nThis ARCL\u00a0command is only available on the robot.",
    "parameters": "The command parameters are described in the following table.\nParameters\nDefinition\nname\nEnter the name of the object, from the Name= parameter, created\nwith the scanAddInfo command.\nlabel\nEnter an optional string that provides the icon label.\nicon_type\nEnter an optional string that provides the icon type.\ndescription\nEnter an optional string that provides a description of the marker.",
    "responses": "The command returns the new object information:\nmapAddTag 'cairn: <name>[WithHeading] \"label\" ICON \"",
    "details": "The scanAddTag command adds a marker in the map of type <name>, as described by a scanAddInfo of\nthe same name. Objects are added to the scan as \"cairns\" (markers). The objects are position-corrected,\nversus those added by the scanAddInfo command, which contain no position information.\nAdd \u201cWithHeading\u201d as suffix to the name in order to include a heading in the marker\u2019s properties. For\ndetails, see the Examples section.\nAdept ARCL Reference Guide, Updated: 9:26:56 AM\nPage 267\nscanAddTag Command\nThis command only adds a marker for the object, it does not create or describe the object. That is done\nwith the add scanAddInfo command. For details, see scanAddInfo Command on page 264.\nThis command can only be used after a scan is started with the scanStart command. For details on starting\na scan, see scanStart Command on page 269.",
    "examples": "For example, suppose you used scanAddInfo to create an object description named \"SensorReading\", you\ncan use it with the scanAddTag command, as follows:\nTo add objects of that type with a heading:\nscanaddtag cairn: SensorReadingWithHeading \"id1\" ICON \"\"\nand with and icon description:\nscanaddtag cairn: RoomGoalWithHeading \"Room 32920\" ICON \"Bob's office\"\nTo add objects of that type without a heading:\nscanaddtag cairn: SensorReading \"id2\" ICON \"\"\nand with an icon description:\nscanaddtag cairn: RoomGoal \"Room 223203\" ICON \"Fred's office\"",
    "related_commands": "scanAddGoal Command on page 262\nscanAddInfo Command on page 264\nscanStart Command on page 269\nscanStop Command on page 271",
    "source": "\nAdept ARCL Reference Guide, Updated: 2/19/2016",
    "page": "\nPage 268"
}