{
    "title": "scanAddGoal Command",
    "syntax": "scanAddGoal <name> [description]",
    "usage_considerations": "This ARCL\u00a0command is only available on the robot.\nThe command can only be used while a scan is running.",
    "parameters": "The command parameters are described in the following table.\nParameters\nDefinition\nname\nEnter a string that will represent the name for the goal.\ndescription\nEnter an optional description for the goal.",
    "responses": "The command returns the new goal information:\nmapAddGoal: Added goal with name <name> 'label'",
    "details": "The scanAddGoal command adds a goal to the map while the robot is scanning. The goal is placed at the\nrobot's current pose and includes the goal name and description. It is similar to using the goal button on\nthe joystick, while scanning.",
    "examples": "For example:\nscanaddgoal goal_lc \"This is Bob's goal\"\nThe command returns:\nmapAddGoal: Added goal with name 'goal_lc' and description 'This is Bob's goal'",
    "related_commands": "scanAddInfo Command on page 264\nscanAddTag Command on page 267\nAdept ARCL Reference Guide, Updated: 2/19/2016\nPage 262\nscanAddGoal Command\nscanStart Command on page 269\nscanStop Command on page 271",
    "source": "\nAdept ARCL Reference Guide, Updated: 9:26:56 AM",
    "page": "\nPage 263"
}