{
    "title": "setPayload Command",
    "syntax": "setPayload <payload>",
    "usage_considerations": "This ARCL\u00a0command is only available on the robot.",
    "parameters": "The command parameters are described in the following table.\nParameter\nDefinition\npayload\nEnter a name for the payload; quotes are optional.",
    "responses": "The command returns:\npayload <payload>",
    "details": "The setPayload command sets the name of the robot payload. The name can be more than one word;\nquotes are optional when entering the string. To view the payload name, use the getPayload command.\nFor details, see getPayload\u00a0Command on page 132.\nIf the robot has multiple slots (containers) with different payloads in each slot, use the payloadSet com-\nmand to set the payload name for each slot. For details, see payloadSet Command (shortcut: ps) on page\n194.",
    "examples": "The following example sets the payload name as \"This has widgets\":\nsetpayload This has widgets\nThe command returns:\npayload This has widgets",
    "related_commands": "getPayload\u00a0Command on page 132\nAdept ARCL Reference Guide, Updated: 2/19/2016\nPage 272\nsetPayload Command\npayloadQuery Command (shortcut: pq) on page 187\npayloadQuery Command (shortcut: pq) on page 187\npayloadRemove Command (shortcut: pr) on page 192\npayloadSet Command (shortcut: ps) on page 194\npayloadSlotCount Command (shortcut: psc) on page 196\npayloadSlotCountLocal Command (shortcut: pscl) on page 198",
    "source": "\nAdept ARCL Reference Guide, Updated: 9:26:56 AM",
    "page": "\nPage 273"
}