{
    "title": "setPrecedence Command",
    "syntax": "setPrecedence <integer>",
    "usage_considerations": "This ARCL\u00a0command is only available on the robot.",
    "parameters": "The command parameters are described in the following table.\nParameter\nDefinition\ninteger\nEnter an integer value that determines the precedence of the robot\nin the event of a multi-robot encounter. The range is -100 to 100.",
    "responses": "The command returns:\nsetPrecedence: <integer>",
    "details": "The setPrecedence command is used to set the precedence information for the robot. The precedence\nvalue is used in a multi-robot encounter. The robot that has the lowest value will get highest precedence,\nthe robot with the next lowest value will get the next highest precedence, and so on. The precedence\nvalue is viewed using the getPrecedence command. For details, see getPrecedence Command on page\n133.",
    "examples": "The following example sets the robot precedence to 20:\nsetprecedence 20\nsetPrecedence: 20",
    "related_commands": "getPrecedence Command on page 133",
    "source": "\nAdept ARCL Reference Guide, Updated: 2/19/2016",
    "page": "\nPage 274"
}