{
    "title": "shutdown Command",
    "syntax": "shutDownServer",
    "usage_considerations": "This ARCL\u00a0command is only available on the robot.",
    "parameters": "This command does not have any parameters.",
    "responses": "There is no response returned from this command.",
    "details": "The shutdown command tells the robot to initiate its power-down sequence. The command works only\nwith Adept mobile robots that have power-down hardware.",
    "examples": "To shut down the robot, enter:\nshutdown\nThere is no response returned from this command.",
    "related_commands": "quit Command on page 254\nshutDownServer Command\nstop Command on page 278",
    "source": "\nAdept ARCL Reference Guide, Updated: 9:26:56 AM",
    "page": "\nPage 275"
}