{
    "title": "status Command",
    "syntax": "status",
    "usage_considerations": "This ARCL\u00a0command is only available on the robot.",
    "parameters": "This command does not have any parameters.",
    "responses": "The command returns:\nStatus: <status>\nBatteryVoltage: <volts_dc>\nLocation: <X> <Y> <Theta>\nLocalizationScore: <score>\nTemperature: <degrees>",
    "details": "The status command returns the operational state of the robot, such as docking or going to a goal, battery\ncharge, position and localization score. To get a one-line status of the robot, use the oneLineStatus com-\nmand. For details, see oneLineStatus Command on page 169.",
    "examples": "To get the current status of the robot, enter the following:\nstatus\nThe command returns:\nStatus: DockingState: Docking ForcedState: Unforced ChargeState: Not\nBatteryVoltage: 26.1\nLocation: -969 301 1\nLocalizationScore: 0.988304\nTemperature: -128",
    "related_commands": "getDateTime Command on page 123\ngetGoals Command on page 124\nAdept ARCL Reference Guide, Updated: 2/19/2016\nPage 276\nstatus Command\ngetInfo Command on page 126\ngetInfoList Command on page 128\ngetPayload\u00a0Command on page 132\ngetRoutes Command on page 134\noneLineStatus Command on page 169\nqueryDockStatus Command on page 203\nqueryMotors Command on page 207",
    "source": "\nAdept ARCL Reference Guide, Updated: 9:26:56 AM",
    "page": "\nPage 277"
}