{
    "title": "stop Command",
    "syntax": "stop",
    "usage_considerations": "This ARCL\u00a0command is only available on the robot.",
    "parameters": "This command does not have any parameters.",
    "responses": "",
    "details": "",
    "examples": "To stop the robot while it is moving to goal \"g_25\", enter the following:\nstop\nThe command returns:\nInterrupted: Going to g_25\nStopping\nStopped",
    "related_commands": "quit Command on page 254\nshutdown Command on page 275\nshutDownServer Command",
    "source": "\nAdept ARCL Reference Guide, Updated: 2/19/2016",
    "page": "\nPage 278"
}