{
    "title": "trackSectors Command",
    "syntax": "trackSectors",
    "usage_considerations": "This ARCL\u00a0command is only available on the robot.\nARAM Settings\nThis command requires the addition of the \"-trackSector <name>\" argument to the Custom Arguments\nsection of the Configuration > Debug tab in the MobilePlanner software. For details, see the Adept Motiv-\nity Software User's Guide.",
    "parameters": "This command does not have any parameters.",
    "responses": "The command returns:\nTrackSectors: <type> [sector_name]\n...\nEnd of TrackSectors",
    "details": "The trackSectors command lists all sectors at the robot's current position. If the robot is not on a sector, no\ninformation is returned. If a sector has no name, then only its type will be displayed.\nBefore using this command, you must first create sector types for the map file, which can be added and\nmanipulated in MobilePlanner and visible in MobileEyes. To do this, you can download the map file, open it\nwith a text editor (like Notepad) and add your own SectorType to the map file:\nMapInfo: SectorType Name=SomeSector \"Label=SomeLabel\" \"Desc=Some description\" Shape=Plain\nColor0=0x0088ff\nFor example, you might enter something like:\nMapInfo: SectorType Name=VerySlowSector \"Label=VerySlow\" \"Desc=Area in which the robot\ndrives very slowly\" Shape=Plain Color0=0xffffb0\u00a0\u00a0\u00a0\nAdept ARCL Reference Guide, Updated: 9:26:56 AM\nPage 279\ntrackSectors Command\nThe entry must be on one line\u2014it is easiest is just to copy/paste an existing sector and then change its\nparameters. There can be as many sector types as needed for your application. If you've given ARAM track\nsector arguments, it will make the tracking commands available over ARCL.\nYou can edit the sector properties from MobilePlanner by right-clicking on it and selecting Edit. The \"Edit\nAdvanced Area dialog opens, as shown in the following figure. You can add a name, description, select the\ntype, and adjust the size and position.\nSector Properties\nThere are other \"sector\" commands, such as: 'trackSectorsAtGoal <goal>', which provides the sectors at a\ngoal; 'trackSectorsAtPoint <X> <Y>', which provides the sectors at a point; and 'trackSectorsPath\n<optional:dist>', which provides the sectors for that distance along the path (or the whole path if no dis-\ntance is given). Note that all of these commands have identical output, which is shown in the Responses\nsection.\nFor details on the related commands, see the Related Commands section.",
    "examples": "The following example lists the sectors at the robot's current position:\ntracksectors\nTrackSectors: SlowSector\nEnd of TrackSectors\nThe following example shows the sector name after the sector in the previous example is named\n\"SlowSectorTest\" in MobilePlanner:\ntracksectors\nTrackSectors: SlowSector SlowSectorTest\nEnd of TrackSectors\nAdept ARCL Reference Guide, Updated: 2/19/2016\nPage 280\ntrackSectors Command",
    "related_commands": "trackSectors Command on page 279\ntrackSectorsAtGoal Command on page 282\ntrackSectorsAtPoint Command on page 285\ntrackSectorsPath Command on page 288",
    "source": "\nAdept ARCL Reference Guide, Updated: 9:26:56 AM",
    "page": "\nPage 281"
}