{
    "title": "trackSectorsPath Command",
    "syntax": "trackSectorsPath [distance]",
    "usage_considerations": "This ARCL\u00a0command is only available on the robot.\nThe robot must be traveling on a path when this command is issued; otherwise, no results will be\nreturned.\nARAM Settings\nThis command requires the addition of the \"-trackSector <name>\" argument to the Custom Arguments\nsection of the Configuration > Debug tab in the MobilePlanner software. For details, see the Adept Motiv-\nity Software User's Guide.",
    "parameters": "The command parameters are described in the following table.\nParameters\nDefinition\ndistance\nEnter an optional distance (in mm) from the front of the robot. Sect-\nors will be listed that are on the path between the robot and that\nend point.",
    "responses": "The command returns:\nTrackSectors: <type> [sector_name]\n...\nEnd of TrackSectors",
    "details": "The trackSectorsPath command lists all sectors in the path of the robot and, optionally, over a specified dis-\ntance on its path. If the path (or part of it) is not on a sector, no information is returned. If a sector has no\nname, then only its type will be displayed.\nBefore using this command, you must first create sector types for the map file, which can be added and\nmanipulated in MobilePlanner and visible in MobileEyes. To do this, you can download the map file, open it\nwith a text editor (like Notepad) and add your own SectorType to the map file:\nMapInfo: SectorType Name=SomeSector \"Label=SomeLabel\" \"Desc=Some description\" Shape-\ne=Plain Color0=0x0088ff\nAdept ARCL Reference Guide, Updated: 2/19/2016\nPage 288\ntrackSectorsPath Command\nFor example, you might enter something like:\nMapInfo: SectorType Name=VerySlowSector \"Label=VerySlow\" \"Desc=Area in which the robot\ndrives very slowly\" Shape=Plain Color0=0xffffb0\u00a0\u00a0\u00a0\nThe entry must be on one line\u2014it is easiest is just to copy/paste an existing sector and then change its para-\nmeters. There can be as many sector types as needed for your application. If you've given ARAM track sec-\ntor arguments, it will make the tracking commands available over ARCL.\nYou can edit the sector properties from MobilePlanner by right-clicking on it and selecting Edit. The \"Edit\nAdvanced Area dialog opens, as shown in the following figure. You can add a name, description, select the\ntype, and adjust the size and position.\nSector Properties\nThere are other \"sector\" commands, such as: 'trackSectors', which provides the sectors at the robot's cur-\nrent position; 'trackSectorsAtGoal <goal>', which provides the sectors at a point; and 'trackSectorsAtPoint\n<X> <Y>', which provides the sectors for that point on the map. Note that all of these commands have\nidentical output, which is shown in the Responses section.\nFor details on the related commands, see the Related Commands section.",
    "examples": "The following example sends the robot to goal \"g_10\" and then lists the sectors that are in the path to that\ngoal.\ngoto g_10\nGoing to g_10\ntracksectorspath\nAdept ARCL Reference Guide, Updated: 9:26:57 AM\nPage 289\ntrackSectorsPath Command\nSectors over path\nTrackSectors: SlowSector SlowSectorTest\nEnd of TrackSectors\nArrived at g_10\nThe following example sends the robot to goal \"g_10\" and then lists the sectors that are within 500 mm in\nfront of the robot on the path to that goal.\ngoto g_10\nGoing to g_10\ntracksectorspath 500\nSectors over path for length 500\nTrackSectors: SlowSector SlowSectorTest\nEnd of TrackSectors\nArrived at g_10",
    "related_commands": "trackSectors Command on page 279\ntrackSectorsAtGoal Command on page 282\ntrackSectorsAtPoint Command on page 285\ntrackSectorsPath Command on page 288",
    "source": "\nAdept ARCL Reference Guide, Updated: 2/19/2016",
    "page": "\nPage 290"
}