{
    "title": "undock Command",
    "syntax": "undock",
    "usage_considerations": "This ARCL\u00a0command is only available on the robot.",
    "parameters": "This command does not have any parameters.",
    "responses": "The command returns:\nDockingState: <dock_state> ForcedState: <forced_state> ChargeState: <charge_state>\nStopping\nStopped",
    "details": "The undock command tells the robot to move off of the dock/recharge station. It positions the robot in front\nof and facing the dock/recharge station.\nWhen the robot is fully-charged, it will automatically undock from the dock/recharge station.\nYou can also undock the robot with one of the \"goto...\" commands. For details on these commands, use\nthe links in the Related Commands section.",
    "examples": "The following example undocks the robot:\nundock\nThe command returns:\nDockingState: Undocked ForcedState: Unforced ChargeState: Unknowable\nStopping\nStopped",
    "related_commands": "goto Command on page 135\ngotoPoint Command on page 137\ngotoRouteGoal Command on page 139\nAdept ARCL Reference Guide, Updated: 9:26:57 AM\nPage 291\nundock Command\ndock Command on page 104\nundock Command on page 291",
    "source": "\nAdept ARCL Reference Guide, Updated: 2/19/2016",
    "page": "\nPage 292"
}