{
    "title": "updateInfo Command",
    "syntax": "updateInfo <infoName> <infoValue>",
    "usage_considerations": "This ARCL\u00a0command is only available on the robot.\nYou can only update information that was created with the createInfo command. For details, see cre-\nateInfo Command on page 92.",
    "parameters": "The command parameters are described in the following table.\nParameters\nDefinition\ninfoName\nEnter the name for the information that you wish to update.\ninfoValue\nEnter a string that represents the new information value.",
    "responses": "The command returns:\nUpdated info for <infoName>",
    "details": "This command is used to update the value of a piece of information that resides on the connected device.\nThe information is initially created using the createInfo command. For details, see createInfo Command on\npage 92.\nThe updated information can be viewed using the getInfo command. For details, see getInfo Command on\npage 126 .\nAll information on the connected device can be listed with the getInfoList command. For details, see getIn-\nfoList Command on page 128.",
    "examples": "To update the information called \"myString\" from an initial value of \"testing\" to a new value of \"newtest\",\nenter the following:\nupdateinfo myString newtest\nThe command returns:\nAdept ARCL Reference Guide, Updated: 9:26:57 AM\nPage 293\nupdateInfo Command\nUpdated info for myString",
    "related_commands": "createInfo Command on page 92\ngetInfo Command on page 126\ngetInfoList Command on page 128",
    "source": "\nAdept ARCL Reference Guide, Updated: 2/19/2016",
    "page": "\nPage 294"
}