{
    "title": "waitTaskCancel Command",
    "syntax": "waitTaskCancel",
    "usage_considerations": "This ARCL\u00a0command is only available on the robot.",
    "parameters": "This command does not have any parameters.",
    "responses": "",
    "details": "",
    "examples": "The following example starts, builds and executes a task list that contains a \"wait 10\" task (3rd task) on\nthe list. The waitTaskCancel command is used to cancel the wait task.\nliststart mylist\nList being cleared\nMaking new list\nlistadd goto g_5\nAdded task 'goto g_5' to the list\nlistadd goto g_6\nAdded task 'goto g_6' to the list\nlistadd wait 10\nAdded task 'wait 10' to the list\nlistadd goto g_23\nAdded task 'goto g_23' to the list\nlistexecute\nExecuting list\nWaitState: Waiting 10 seconds with status \"Waiting\"\nAdept ARCL Reference Guide, Updated: 9:26:57 AM\nPage 295\nwaitTaskCancel Command\nwaittaskcancel\nWaitState: Waiting completed\nSuccessfully finished task list",
    "related_commands": "doTask Command on page 105\ndoTaskInstant Command on page 107\nexecuteMacro Command on page 112\ngetMacros Command on page 130\nlistAdd Command on page 145\nlistExecute Command on page 147\nlistStart Command on page 149\npauseTaskCancel Command on page 183\npauseTaskState Command on page 185\nwaitTaskCancel Command on page 295\nwaitTaskState Command on page 297",
    "source": "\nAdept ARCL Reference Guide, Updated: 2/19/2016",
    "page": "\nPage 296"
}